course_id,course_index
C_696679,9
C_2342532,1062
C_697802,365
C_697422,238
C_694136,11
C_677146,55
C_696922,21
C_1691412,1300
C_854832,202
C_781494,187
C_735351,12
C_696841,64
C_746997,33
C_696954,89
C_1748240,283
C_682636,678
C_696700,5
C_681115,1326
C_1646044,999
C_677249,68
C_948389,934
C_1903965,1601
C_697395,333
C_799800,120
C_788575,31
C_862967,652
C_866764,835
C_676686,116
C_948292,1694
C_681671,360
C_735203,1100
C_681744,1233
C_697069,136
C_697381,90
C_948101,658
C_676635,524
C_735448,979
C_680986,1617
C_948128,1842
C_1767521,1207
C_948289,727
C_2286960,1498
C_697726,620
C_681655,82
C_1903983,1132
C_948219,997
C_697026,129
C_756642,186
C_682137,311
C_948468,45
C_682702,67
C_948092,543
C_697151,1261
C_681339,956
C_947167,1200
C_696999,683
C_680818,1014
C_707221,2487
C_697677,1094
C_682440,960
C_735335,492
C_680752,243
C_696889,318
C_677167,945
C_707038,80
C_854846,541
C_735325,514
C_697018,38
C_676969,71
C_949540,241
C_682164,1425
C_943223,395
C_707093,227
C_696685,560
C_697091,47
C_696787,331
C_842836,2502
C_823326,926
C_735161,1651
C_697068,13
C_696870,680
C_746983,1452
C_677089,1010
C_680741,387
C_735131,1540
C_696938,614
C_840087,833
C_1760314,2053
C_2218203,2165
C_696939,217
C_697050,379
C_1875515,1737
C_682184,405
C_697008,1179
C_1774976,1591
C_697184,867
C_682671,288
C_681715,738
C_697468,539
C_682374,959
C_681021,1763
C_854854,834
C_696867,1088
C_735244,201
C_682145,739
C_674959,440
C_681200,1768
C_676658,138
C_735441,1040
C_682129,310
C_696581,747
C_1410117,661
C_837708,2252
C_916851,2509
C_682314,418
C_1738818,546
C_682665,744
C_682183,134
C_682754,679
C_697051,509
C_696687,280
C_948214,764
C_681407,1772
C_932179,1199
C_1741554,547
C_948486,1203
C_707365,754
C_680998,445
C_697152,1182
C_909094,624
C_947234,1472
C_1749554,1000
C_2199449,2155
C_696903,681
C_680786,1218
C_682660,1635
C_948434,2514
C_756690,1361
C_747044,922
C_682716,1246
C_697112,687
C_696692,301
C_682486,858
C_681690,1155
C_735251,920
C_898312,1677
C_682268,1161
C_681114,737
C_898298,1371
C_800391,1664
C_681369,1959
C_735081,1810
C_681708,1232
C_696905,861
C_677193,1013
C_707366,1446
C_680788,851
C_682322,740
C_697584,2484
C_681365,669
C_948123,1570
C_1756062,1305
C_676907,425
C_1724288,1701
C_754135,410
C_682429,1027
C_948103,597
C_680952,774
C_682169,1235
C_735085,1272
C_681622,1519
C_948424,935
C_676681,808
C_735050,828
C_682237,817
C_747227,457
C_682554,712
C_681414,328
C_866182,987
C_825824,1552
C_681103,1071
C_943274,1466
C_680884,314
C_1796396,2346
C_682240,447
C_936957,1682
C_735130,1356
C_696955,535
C_697003,1255
C_680923,950
C_682393,419
C_677028,443
C_682813,1247
C_2266776,2423
C_1410106,844
C_696882,451
C_681396,1514
C_893222,1558
C_681333,1511
C_696951,912
C_1760295,2300
C_677140,734
C_1750793,1302
C_947250,657
C_948422,700
C_682493,1788
C_881314,1557
C_696596,1084
C_922877,1049
C_927975,1563
C_2033947,1403
C_1720764,1857
C_1774981,2328
C_1891044,2367
C_1828106,1903
C_1755929,1713
C_1907838,2375
C_948140,996
C_1784711,2337
C_677172,1144
C_2335763,1500
C_681452,609
C_654506,2439
C_680963,1147
C_934534,1288
C_677176,771
C_735146,1448
C_1844101,2102
C_2281492,2184
C_2308104,943
C_682392,1966
C_1025076,2029
C_697036,1800
C_797919,1663
C_1750814,1585
C_948285,1574
C_948210,1690
C_1736850,1059
C_682280,1426
C_948088,1840
C_681094,955
C_1755888,1485
C_1741496,1584
C_677168,1012
C_697306,406
C_682644,1435
C_931256,2266
C_943247,1378
C_758201,1545
C_696543,822
C_697071,1534
C_2290717,1946
C_1741498,1861
C_1828108,2096
C_2316355,1499
C_680771,946
C_682491,962
C_681068,1765
C_696613,1530
C_823309,1550
C_758222,1105
C_813501,1668
C_1794790,1891
C_1767576,2321
C_825822,1551
C_1925905,2386
C_734068,1991
C_926163,1680
C_735079,1538
C_1755948,1872
C_2215499,2158
C_2215663,2159
C_2180244,2141
C_2199351,2153
C_2180235,2140
C_2228987,2171
C_1825200,1735
C_1925919,1922
C_1842720,2100
C_2218186,2164
C_2141537,2131
C_2199186,2150
C_1741507,1706
C_681380,2203
C_681474,2206
C_943234,2271
C_1527407,1847
C_813497,2246
C_681031,1509
C_682301,1624
C_758997,1820
C_1755907,1868
C_1875518,2103
C_916841,1832
C_735069,1809
C_2266760,2422
C_947237,2274
C_943270,1379
C_1755887,2295
C_735168,2241
C_1776760,2076
C_688336,2223
C_680835,1615
C_2343056,2434
C_676684,1612
C_939349,2269
C_682225,2462
C_696654,1795
C_1771174,2070
C_898292,2505
C_813290,1667
C_747690,1815
C_1755909,1711
C_1944726,1311
C_2287003,1751
C_681735,1521
C_1829952,2354
C_901922,1678
C_2328473,2429
C_1741526,2040
C_2223976,2408
C_855431,2503
C_1714441,2289
C_696610,2224
C_1766899,2320
C_1824915,2091
C_1772942,2326
C_1891064,2369
C_927961,1375
C_943250,132
C_676913,112
C_1761460,2057
C_707035,193
C_883345,1
C_1806527,143
C_696724,10
C_680931,127
C_883372,141
C_682546,208
C_1764865,1206
C_682308,278
C_682439,676
C_681592,1231
C_682381,1026
C_909099,494
C_943271,656
C_770738,7
C_682442,95
C_1686679,729
C_1907833,2113
C_879045,436
C_680753,359
C_681027,1019
C_948431,148
C_680961,250
C_697821,6
C_677030,324
C_734050,1808
C_734049,827
C_694156,821
C_682749,1167
C_677129,339
C_682496,1242
C_747047,757
C_697032,65
C_776850,1106
C_676707,1502
C_696626,180
C_948262,1693
C_919146,1048
C_2203228,1312
C_680920,1320
C_759007,1453
C_680970,606
C_947258,841
C_682208,1964
C_677218,102
C_2225789,2409
C_907949,1373
C_1875498,806
C_1526890,496
C_676697,441
C_682302,673
C_1750779,1126
C_769301,195
C_948410,51
C_735405,46
C_696835,246
C_681696,1076
C_696989,718
C_681683,815
C_697191,356
C_936971,462
C_696695,508
C_1704762,845
C_936945,839
C_682685,530
C_1410386,2032
C_696998,1178
C_681406,1228
C_1899192,1211
C_696659,1250
C_682661,611
C_735373,921
C_696686,429
C_696826,86
C_797938,230
C_707456,166
C_696923,682
C_735269,346
C_756654,348
C_680927,708
C_681255,163
C_1894860,1402
C_866164,206
C_1916172,1741
C_697024,364
C_737512,273
C_749807,274
C_681330,1769
C_784172,286
C_947260,2276
C_1824931,1734
C_2205152,1937
C_2219608,1748
C_2189334,1934
C_784155,1455
C_697165,140
C_697721,720
C_696947,1641
C_680985,667
C_682309,329
C_1945689,1494
C_682574,2222
C_948423,282
C_681084,501
C_674962,888
C_681503,502
C_676940,733
C_697313,619
C_679390,190
C_682319,1163
C_682226,1158
C_680886,577
C_911160,1462
C_808528,458
C_735197,721
C_707384,334
C_948421,545
C_879093,593
C_881453,571
C_697108,319
C_682433,1334
C_735259,588
C_735341,829
C_697173,915
C_837985,1283
C_682653,1245
C_943226,596
C_801446,982
C_1724285,2036
C_887148,349
C_697020,864
C_682696,214
C_934520,223
C_769293,321
C_735194,1189
C_697619,825
C_680823,298
C_936977,2016
C_934510,384
C_937262,2268
C_682452,270
C_681619,2457
C_854862,985
C_681519,483
C_681010,1150
C_735324,1275
C_697098,719
C_697073,617
C_697493,1803
C_696920,1176
C_735308,755
C_681460,528
C_936954,1051
C_697214,1350
C_1750789,881
C_948106,1474
C_1777000,1727
C_747696,409
C_746968,797
C_1792250,599
C_947253,371
C_916838,696
C_682338,448
C_947255,1052
C_1771156,2323
C_697375,422
C_696983,1979
C_911165,930
C_1886668,627
C_756700,1362
C_819191,1369
C_707067,490
C_680712,1614
C_696877,1174
C_799791,831
C_736530,1542
C_735195,1358
C_1159827,728
C_680859,2196
C_735056,1646
C_682618,506
C_681362,668
C_697653,1804
C_943253,840
C_682820,1638
C_735336,1190
C_680936,666
C_681638,1422
C_784161,760
C_851358,1457
C_681336,1771
C_873858,988
C_2229911,1495
C_1776312,1129
C_677105,1215
C_696803,970
C_697135,1260
C_681047,896
C_784069,981
C_747262,1656
C_676645,1756
C_1778271,1885
C_934535,461
C_696904,1175
C_682126,1079
C_682265,958
C_1755952,1587
C_735186,1357
C_676674,600
C_682648,558
C_2009086,2395
C_1696155,2034
C_681672,1960
C_697126,1259
C_707107,919
C_735296,1450
C_1811867,1897
C_1824376,1901
C_1691453,1853
C_1771160,1590
C_1766169,2063
C_1776761,1726
C_2310930,1754
C_681615,1073
C_707173,1268
C_676682,1008
C_682343,1626
C_654554,2440
C_597314,2189
C_682588,677
C_735096,1993
C_1776301,1725
C_697585,1353
C_947161,1468
C_2217528,2161
C_948407,1696
C_2297236,374
C_697113,1444
C_769264,1547
C_694158,909
C_696964,1254
C_1924175,1134
C_694162,910
C_681071,1070
C_677068,1406
C_1864059,2358
C_696890,1798
C_793017,761
C_1755955,1873
C_1766167,2062
C_1918552,2119
C_1909608,2116
C_682522,1243
C_681635,1520
C_948485,2285
C_1755961,2298
C_1824921,1491
C_1073350,2030
C_1774989,2331
C_1755959,1714
C_680978,1323
C_1944729,1606
C_682514,2468
C_735064,1647
C_2244920,1750
C_948099,1473
C_735077,2237
C_1724283,1858
C_682395,1628
C_823315,1824
C_758928,1659
C_756636,1818
C_754897,1278
C_682459,1431
C_674968,1139
C_947164,1838
C_2266770,2183
C_734067,2489
C_707013,1988
C_2320828,2188
C_681017,1955
C_1771176,2325
C_681038,2198
C_1987717,2391
C_791738,1549
C_2297229,1947
C_681710,2459
C_1903988,1915
C_947154,1837
C_956129,1845
C_2211915,2405
C_830439,2248
C_2059290,2397
C_747017,2494
C_2059319,2129
C_1785616,2339
C_2255633,2419
C_948432,372
C_697334,1445
C_697407,489
C_694143,135
C_735362,433
C_697236,39
C_680968,775
C_677157,602
C_696899,105
C_735046,229
C_682466,128
C_697188,27
C_1527465,257
C_696908,59
C_697025,145
C_735389,693
C_682473,354
C_697405,60
C_696571,1439
C_674920,17
C_697096,159
C_696525,641
C_735129,267
C_1472684,880
C_746985,347
C_697039,118
C_735288,367
C_676649,150
C_782490,77
C_735342,22
C_674971,149
C_948209,137
C_707068,751
C_682141,899
C_1776316,598
C_682415,234
C_697429,1264
C_948136,263
C_851362,518
C_773985,649
C_696942,16
C_1906555,1133
C_682589,557
C_735253,151
C_682256,233
C_697116,618
C_697415,103
C_735155,472
C_697100,565
C_931245,104
C_707073,689
C_681169,2452
C_735107,621
C_770766,1042
C_1771177,1721
C_696807,302
C_696785,968
C_682734,1438
C_697475,1352
C_677136,124
C_936943,655
C_862963,592
C_676966,323
C_922867,573
C_682512,299
C_948427,197
C_696614,1032
C_911733,1112
C_697147,973
C_808529,1196
C_680731,386
C_2210260,1938
C_735241,293
C_676642,236
C_1410156,88
C_947149,385
C_2255517,1213
C_696860,1173
C_1771179,464
C_1765585,1720
C_677110,189
C_1731879,1702
C_845950,253
C_696915,1253
C_1647264,264
C_696655,399
C_947229,1470
C_682313,1625
C_801443,517
C_676975,848
C_696884,452
C_735239,194
C_682637,1029
C_696965,1978
C_697155,688
C_696837,716
C_677184,403
C_681585,2456
C_682219,2216
C_681583,2208
C_697172,1983
C_681099,1619
C_707032,130
C_696651,1973
C_1755846,1127
C_681033,953
C_780629,101
C_696674,860
C_682320,391
C_823302,984
C_697496,917
C_898310,477
C_881424,800
C_674937,1063
C_697410,2233
C_735053,1645
C_682656,1789
C_676890,1065
C_931252,875
C_682296,1783
C_1755915,1869
C_697094,488
C_682209,780
C_680929,1220
C_680919,1016
C_697064,1091
C_2297250,1753
C_676705,1064
C_696993,615
C_676962,1503
C_677185,1067
C_1767581,1880
C_948116,1292
C_890259,369
C_947243,1290
C_1761380,1876
C_881397,723
C_682575,1166
C_696875,1345
C_681032,1413
C_927963,460
C_873860,1555
C_1806811,2347
C_1960452,1746
C_697714,918
C_1836502,662
C_681756,854
C_696696,1532
C_682350,504
C_926175,459
C_948095,1384
C_1891055,1210
C_2199460,2404
C_680738,705
C_1825362,2352
C_1925922,1604
C_735226,1101
C_1864068,702
C_1756067,2051
C_681058,2199
C_677102,849
C_682176,900
C_1731888,2038
C_697006,584
C_697062,1981
C_682304,1025
C_682284,1331
C_898359,412
C_697825,394
C_881436,594
C_681025,1018
C_696506,559
C_681076,607
C_823327,2247
C_680895,175
C_948428,878
C_948293,2024
C_696563,785
C_680789,772
C_948403,1202
C_1641662,1849
C_781471,980
C_681382,1416
C_681066,1223
C_943237,1377
C_2343522,1949
C_677164,1066
C_788565,1367
C_735054,978
C_680971,812
C_680898,949
C_799783,1108
C_677192,1506
C_2266764,1405
C_1846545,1209
C_696767,642
C_943258,1684
C_688346,1031
C_735089,1648
C_766175,1280
C_1797902,1594
C_735116,1650
C_680999,1149
C_1691144,1852
C_939360,2270
C_1828104,2095
C_2095352,1929
C_1755941,1871
C_949439,2027
C_735305,2491
C_1766171,2064
C_681075,1224
C_697228,1183
C_1789688,2342
C_735123,512
C_629558,2438
C_2189666,1060
C_735450,2493
C_1714448,1393
C_947265,1687
C_2059285,2396
C_2221558,1137
C_2199442,2402
C_682684,1436
C_676967,1315
C_681664,1777
C_697120,1258
C_1756074,1397
C_1925897,1920
C_1714446,1856
C_1864065,2360
C_677043,525
C_682158,1779
C_735051,1644
C_735112,1355
C_696711,1974
C_2059287,1927
C_894541,2257
C_697169,866
C_680830,892
C_697001,1090
C_1904002,2373
C_1741511,2039
C_682157,1522
C_682822,820
C_948270,1477
C_682553,1967
C_696814,1976
C_1774987,2072
C_680991,1222
C_1750788,2042
C_948265,1573
C_696816,1797
C_813182,1666
C_682217,1623
C_879074,927
C_2316361,2426
C_1789683,1730
C_1761385,1588
C_1814140,1898
C_2228999,2173
C_2228984,1943
C_1909561,2115
C_2197653,2147
C_2233465,2177
C_1842789,1596
C_2328478,2430
C_1761463,2059
C_681186,2201
C_681532,1419
C_2301265,1314
C_1696158,2288
C_1736846,1860
C_1771153,2068
C_1736024,1394
C_2203212,2157
C_2244926,2417
C_916833,2508
C_680926,951
C_681073,1414
C_1770905,2067
C_1741536,2041
C_766037,1660
C_737492,1997
C_1760297,1716
C_883229,2256
C_680976,2197
C_2111790,2401
C_1912477,2380
C_1778561,1886
C_943241,2272
C_696907,2227
C_1761459,2304
C_1765591,2314
C_770768,2495
C_1912007,2118
C_1811716,1894
C_696975,2478
C_782508,2497
C_1912735,1918
C_682464,1629
C_948124,2512
C_2235604,2416
C_734019,1990
C_2141844,2132
C_1782008,2079
C_1896473,2110
C_696667,2474
C_2244915,2181
C_681721,2460
C_1764851,2309
C_830569,2003
C_830572,2250
C_680900,1951
C_2226108,2411
C_1778566,2334
C_876689,2254
C_881704,2504
C_682501,2467
C_2059301,2128
C_1795748,2345
C_1875512,2362
C_1928986,2387
C_1784322,2336
C_943255,255
C_747024,456
C_682742,272
C_898349,287
C_680740,232
C_682485,96
C_680764,1760
C_682138,634
C_735120,2239
C_1691397,1297
C_680745,49
C_697828,115
C_629559,8
C_697289,345
C_2229906,2413
C_697034,14
C_682195,213
C_2229905,1313
C_707127,126
C_682704,342
C_840084,171
C_584329,2435
C_1738959,336
C_927967,697
C_677009,944
C_947242,1380
C_735364,368
C_1025079,1388
C_677018,601
C_697423,160
C_696800,181
C_674912,807
C_936973,322
C_697027,290
C_696973,1177
C_737592,796
C_676664,70
C_948412,155
C_948419,122
C_682469,487
C_676663,415
C_674953,174
C_1645365,938
C_680759,73
C_681080,1020
C_749769,177
C_1925896,1743
C_879040,29
C_676937,20
C_682816,1082
C_697038,378
C_1753434,1484
C_1825107,438
C_948142,2280
C_697427,538
C_881485,94
C_696746,215
C_947773,933
C_735378,567
C_854843,172
C_677077,428
C_1641647,937
C_676673,87
C_707112,1185
C_1714443,804
C_1732839,350
C_696918,289
C_677159,99
C_682525,1337
C_680992,1148
C_948043,1566
C_1940647,1605
C_681633,1074
C_2215747,1941
C_854868,312
C_696647,786
C_2242137,1005
C_696721,262
C_734011,93
C_697075,63
C_682189,266
C_682457,505
C_696980,110
C_845673,623
C_936987,247
C_682692,1968
C_680769,1408
C_681630,1775
C_697161,235
C_697301,1987
C_682131,1157
C_681643,579
C_676898,575
C_697148,2229
C_697708,826
C_697005,344
C_1552662,258
C_677241,1216
C_696863,911
C_948235,495
C_1824911,2348
C_681005,158
C_735030,1271
C_797321,923
C_1844106,766
C_682750,965
C_1776285,2074
C_1903976,1004
C_2293994,1610
C_881478,154
C_876705,798
C_1800063,1002
C_681453,1230
C_682460,961
C_916824,1831
C_696656,1531
C_734059,790
C_907964,992
C_696821,355
C_697556,1093
C_688390,714
C_680757,277
C_680824,552
C_680792,1409
C_697684,511
C_811503,1045
C_697170,644
C_696886,1252
C_697070,1257
C_697035,536
C_747056,493
C_907968,2008
C_707369,1186
C_887101,520
C_680975,813
C_681088,853
C_931248,698
C_905192,1560
C_682683,612
C_735300,692
C_947266,2277
C_735042,1098
C_681421,2204
C_948413,1122
C_934517,595
C_682171,2215
C_916858,2012
C_859557,1673
C_682657,964
C_682357,901
C_682401,856
C_837980,1456
C_947251,1686
C_696601,1341
C_947248,1117
C_947245,2275
C_854871,305
C_681008,952
C_682349,503
C_696808,823
C_680804,773
C_2027893,2125
C_1789696,1307
C_1886685,1910
C_1758019,1398
C_681012,1151
C_735283,473
C_2059295,1404
C_682269,781
C_1410126,936
C_1732845,1583
C_909097,1198
C_1756056,1128
C_681754,244
C_1811742,1733
C_1779421,939
C_682771,1637
C_682372,1784
C_696518,1083
C_1761368,1306
C_1762748,1719
C_680943,1321
C_1760323,2301
C_759048,1363
C_758190,1194
C_1797897,1731
C_948141,544
C_1557390,1699
C_854870,519
C_735361,1039
C_1750819,1303
C_890125,873
C_696759,1975
C_694144,908
C_1767167,1879
C_1891049,2368
C_681448,2205
C_680765,735
C_1765592,2315
C_1814260,2088
C_1784703,2080
C_932181,876
C_682550,1525
C_1821490,1900
C_685664,531
C_681105,897
C_680805,551
C_682792,907
C_734041,977
C_697229,1263
C_696829,1344
C_655852,2442
C_696575,1793
C_682152,1024
C_2328543,1061
C_2266755,2182
C_1816033,1899
C_1864063,2359
C_758207,1546
C_680905,1319
C_1824917,2349
C_735280,1812
C_756594,1103
C_682390,1430
C_1696148,1854
C_2171820,2135
C_948109,1841
C_682353,1241
C_682383,674
C_1997524,941
C_1714449,1058
C_2338353,1501
C_948034,2018
C_682570,1633
C_1907842,1916
C_948083,1568
C_1741534,1396
C_1924403,1493
C_735183,1449
C_697590,2485
C_1724282,2291
C_682686,2470
C_876712,1556
C_696919,1089
C_2059291,2126
C_1755889,1864
C_1761386,1589
C_2151882,2133
C_2172675,2136
C_2199199,2151
C_1926748,2121
C_1842906,2101
C_2219328,2166
C_2231603,2176
C_2197640,2146
C_2151897,2134
C_2197691,2148
C_1764852,2310
C_1764843,2306
C_948044,2278
C_677187,2194
C_1755899,1867
C_1765600,2318
C_932180,1287
C_681377,2202
C_681057,1510
C_948264,2281
C_680869,736
C_943265,1685
C_1903982,2371
C_1761377,1718
C_676701,1757
C_697055,972
C_676887,2191
C_947160,2017
C_1808023,1400
C_697543,1265
C_2338360,2432
C_697272,1986
C_1925898,1744
C_707087,1989
C_681039,1764
C_1761383,2303
C_791822,1821
C_948392,1695
C_681389,1327
C_735138,2240
C_1741502,1862
C_2328468,2428
C_1764848,2307
C_1755958,2049
C_681028,2446
C_1801907,2085
C_696872,1640
C_2342499,2433
C_830573,2251
C_696935,1533
C_1992929,2124
C_1771168,2069
C_696649,1972
C_911178,2506
C_1992918,2392
C_837690,1282
C_922850,167
C_948435,660
C_955163,34
C_735157,32
C_681357,1513
C_676953,178
C_1691410,1299
C_681581,2455
C_2316356,1214
C_873864,54
C_682515,207
C_696911,28
C_697121,1535
C_676978,769
C_674903,15
C_707037,170
C_879054,218
C_927972,836
C_677019,156
C_707119,69
C_677189,358
C_934496,1114
C_948153,479
C_696697,471
C_948252,1692
C_676995,481
C_696927,43
C_677031,198
C_697007,204
C_881462,801
C_735343,1654
C_682595,245
C_707089,752
C_1428968,18
C_707025,161
C_697374,100
C_680836,326
C_866151,1284
C_677076,85
C_680987,578
C_934522,838
C_681711,362
C_948417,111
C_947257,437
C_916843,931
C_782555,81
C_682222,83
C_866769,203
C_854866,53
C_696562,1248
C_947252,108
C_697270,209
C_677010,24
C_707126,789
C_682516,743
C_676963,847
C_680937,605
C_697110,537
C_696901,534
C_682794,469
C_819279,2500
C_682277,353
C_1912188,1740
C_680890,1318
C_735321,513
C_1429002,231
C_734037,335
C_682597,221
C_697019,863
C_707373,176
C_936990,210
C_682610,196
C_758221,758
C_696555,330
C_682358,449
C_766203,648
C_1784414,1130
C_823300,832
C_681400,1227
C_1741561,626
C_677161,1759
C_2231604,1944
C_2151889,1931
C_707381,647
C_697166,183
C_696638,1249
C_770751,294
C_680910,631
C_697360,97
C_682759,191
C_948415,256
C_737499,2244
C_680726,603
C_680814,604
C_680870,811
C_696487,746
C_681043,852
C_893812,423
C_681712,2211
C_682273,2463
C_697425,1802
C_682170,467
C_1756063,337
C_682297,1427
C_682559,1632
C_1811734,1895
C_808526,401
C_682388,675
C_2059297,885
C_680808,352
C_769273,759
C_1903980,1131
C_911133,2010
C_707103,1267
C_916835,1463
C_677047,184
C_943267,211
C_680841,706
C_682312,1429
C_735273,205
C_1767578,2322
C_681567,2207
C_788547,516
C_676905,768
C_734035,432
C_682675,1338
C_947249,1118
C_735115,1188
C_676687,424
C_916844,1833
C_681502,1518
C_857825,651
C_681074,954
C_697273,1351
C_681702,816
C_948132,1689
C_680724,1146
C_681645,1023
C_1776306,1592
C_808654,650
C_696689,430
C_682470,818
C_949542,1479
C_697011,1035
C_682449,1335
C_680828,153
C_947152,932
C_680974,709
C_697107,865
C_2336296,1007
C_680751,663
C_696981,1348
C_682431,902
C_735242,1541
C_947168,2273
C_674924,703
C_2292312,2186
C_758886,722
C_780686,1365
C_2221567,2407
C_947169,1469
C_697226,1536
C_682190,635
C_1469181,1124
C_680852,2195
C_948120,994
C_674910,284
C_681636,484
C_948436,879
C_682721,784
C_1755919,1712
C_1761372,1487
C_696854,717
C_697253,2232
C_696977,1034
C_696798,969
C_948118,842
C_881480,724
C_682324,398
C_682713,819
C_737493,1192
C_1787086,1888
C_1764869,2313
C_1434593,701
C_786631,1107
C_797853,871
C_876706,1370
C_1886682,1909
C_682356,486
C_682679,745
C_735111,1649
C_948147,1385
C_1886689,2106
C_1789680,2340
C_682168,2214
C_747033,1359
C_1755924,1586
C_1784729,2338
C_1686971,1851
C_682228,389
C_1793742,1593
C_1912006,1492
C_1766166,1878
C_682489,639
C_694149,715
C_682762,1969
C_735385,568
C_655850,2441
C_903149,1559
C_758208,1104
C_680981,2445
C_948085,1569
C_1894914,1600
C_677186,1505
C_674955,1138
C_696662,2225
C_682558,1631
C_697757,1354
C_707051,1266
C_696931,1977
C_1641666,1581
C_943962,1565
C_939336,1683
C_1907840,2114
C_948046,1119
C_697129,914
C_911162,2263
C_681731,2212
C_680812,1317
C_851364,1825
C_682298,1524
C_948404,2284
C_696925,1347
C_2297243,1752
C_707109,2235
C_697081,2481
C_735102,1099
C_677109,1316
C_680915,1219
C_1764847,2060
C_682299,1162
C_1770363,2066
C_2228992,2172
C_2229012,2175
C_1827362,2093
C_1793814,2083
C_1842823,1736
C_2233600,2179
C_1842662,2099
C_2179785,1932
C_1761375,1875
C_948248,1476
C_697061,1980
C_823333,1670
C_734028,2236
C_681122,2450
C_1775020,2332
C_1781818,1489
C_1890207,2109
C_759037,1279
C_681091,2449
C_2308102,1948
C_1828098,2094
C_694147,1971
C_697241,1985
C_1527433,1391
C_697065,1982
C_948405,2025
C_1778570,1728
C_810349,2002
C_682248,1781
C_2286953,1497
C_866175,2006
C_1755891,1865
C_1918004,2384
C_1627979,2033
C_948081,2511
C_916825,2011
C_1764866,2312
C_1761364,2054
C_681163,1620
C_1755921,2046
C_876708,1674
C_694141,2472
C_1992980,2394
C_735328,1653
C_697142,2228
C_735086,2490
C_1925892,2385
C_1925903,1921
C_947162,2510
C_735348,2492
C_2229928,2415
C_697013,2479
C_922860,1834
C_681079,2448
C_2199450,2403
C_789961,2498
C_2229902,2412
C_1779849,2335
C_680871,2444
C_1771167,2324
C_791424,2499
C_948148,2513
C_2308101,2425
C_1434547,1390
C_879069,799
C_948296,1575
C_948414,463
C_697797,75
C_1738993,142
C_1767126,259
C_1944971,1212
C_1864381,1308
C_707096,222
C_674923,732
C_1691403,1298
C_1862240,805
C_696928,216
C_1829954,1905
C_682193,672
C_681682,361
C_677049,41
C_947794,1053
C_1795810,308
C_916828,36
C_676683,23
C_697106,585
C_680730,309
C_696946,76
C_682210,169
C_936913,239
C_676695,268
C_735122,691
C_707081,19
C_735143,380
C_677130,224
C_770784,42
C_697748,147
C_1811739,731
C_677118,704
C_948395,765
C_948113,1055
C_948408,219
C_800360,474
C_677061,1009
C_797404,924
C_677087,179
C_934528,295
C_680916,893
C_696586,343
C_707077,976
C_677243,152
C_1794464,25
C_680722,576
C_948078,313
C_819285,304
C_696789,421
C_1924709,1310
C_1844102,1597
C_681737,1078
C_1527362,625
C_681341,1152
C_682620,392
C_682659,1634
C_735149,566
C_682458,35
C_681742,671
C_677020,157
C_680993,777
C_697284,455
C_697307,788
C_682239,390
C_682672,450
C_697566,868
C_696817,563
C_707358,646
C_948114,1121
C_680803,226
C_682344,1627
C_680780,168
C_676648,480
C_2228534,1749
C_947246,1291
C_948079,726
C_824095,2501
C_734023,1643
C_1731918,1703
C_948216,877
C_681684,1154
C_682327,741
C_682336,1240
C_1410371,1296
C_697056,564
C_1904668,1309
C_707022,320
C_682330,228
C_696773,562
C_735175,381
C_696753,393
C_735436,1191
C_681422,1229
C_680849,553
C_682253,1160
C_680938,1953
C_676661,498
C_696688,1085
C_934526,254
C_681578,1622
C_697041,685
C_916853,2265
C_680719,891
C_735210,793
C_680979,527
C_789278,131
C_814402,590
C_947241,699
C_681730,1156
C_682737,1030
C_677070,416
C_696912,1346
C_1891061,1913
C_927968,874
C_677055,1143
C_696769,561
C_707099,1805
C_907940,929
C_696633,1440
C_943254,1836
C_837735,435
C_879073,1197
C_697083,1642
C_2229920,2414
C_681081,1766
C_947262,306
C_681758,1329
C_781627,1662
C_907948,991
C_908991,654
C_682662,1636
C_825821,1671
C_893818,1046
C_681137,1767
C_696628,748
C_680728,1407
C_948212,1571
C_746973,756
C_677236,121
C_696917,643
C_682633,713
C_911168,521
C_696704,261
C_1883679,1003
C_680980,710
C_1123848,1295
C_735338,794
C_677000,1504
C_681663,670
C_682463,556
C_735377,795
C_819290,434
C_1804511,2086
C_943228,370
C_855688,1459
C_682527,859
C_1789684,2081
C_1714447,2035
C_682259,317
C_681488,1072
C_837698,1553
C_746965,1277
C_887103,476
C_934532,1050
C_735066,791
C_1896509,1738
C_681669,1424
C_696987,862
C_682604,2469
C_681761,1961
C_681760,2213
C_681034,446
C_948080,1688
C_948294,2282
C_682451,1786
C_1811839,1490
C_813434,925
C_696796,1087
C_682260,957
C_707079,1096
C_2290629,1609
C_927980,1681
C_676885,1140
C_2059315,1607
C_682335,637
C_948282,1386
C_1912003,1739
C_1755951,1001
C_735094,1447
C_697706,869
C_948393,1478
C_1992940,1924
C_2066096,1928
C_2059317,2399
C_800267,1822
C_735099,1187
C_789833,1548
C_681444,898
C_1778564,2333
C_2113371,1747
C_1789682,2341
C_679148,1217
C_916130,1374
C_681001,1412
C_936983,1115
C_1797899,1732
C_629514,2437
C_681415,1516
C_909412,1561
C_882596,1675
C_936963,2015
C_1764846,1877
C_629503,2436
C_1824924,1595
C_680951,895
C_1714444,1855
C_911664,1285
C_1916207,1742
C_781445,1043
C_735419,1813
C_758183,1193
C_876711,2007
C_866770,1827
C_681130,2200
C_735049,1038
C_697213,1092
C_1410076,1578
C_905199,1830
C_682165,1780
C_735290,1652
C_1941018,1745
C_1123979,1698
C_682475,2466
C_1829948,1904
C_680877,1068
C_1875539,1907
C_1891384,1599
C_1825111,2092
C_1774978,2071
C_2063783,2130
C_948254,2021
C_707363,1270
C_1741987,1707
C_1916220,2383
C_837991,2005
C_1771170,1883
C_697059,2480
C_780844,2001
C_1761462,2058
C_2233592,2178
C_2229010,2174
C_2221927,2169
C_2172731,2137
C_2228974,2170
C_1753494,2044
C_2195990,2144
C_2199373,2154
C_2180075,2139
C_2218124,2163
C_2203510,1936
C_2189518,2143
C_1770323,1882
C_680854,1616
C_682743,1790
C_1875488,1906
C_682128,1778
C_916830,2507
C_947147,1289
C_948050,2279
C_1774972,1723
C_1916174,2382
C_1750795,2043
C_1776319,1399
C_681627,1421
C_1751256,1863
C_680984,1954
C_681661,1776
C_1771543,1722
C_1761358,2302
C_2332739,1755
C_2059299,2398
C_1886696,2107
C_763992,1364
C_1903973,1602
C_1755913,2045
C_947233,1471
C_1889028,1912
C_1410096,2031
C_1762972,2305
C_756717,1998
C_1837426,2098
C_823317,1669
C_696960,2477
C_680832,1761
C_810834,1665
C_1792323,2344
C_1679989,1392
C_1801563,1892
C_696792,2226
C_697195,2482
C_948268,2023
C_2297227,2187
C_685684,1970
C_1767590,1881
C_854667,1672
C_2226095,2410
C_680922,1952
C_696617,2473
C_1741505,1705
C_1903962,2111
C_1944722,2122
C_735431,1814
C_756591,1817
C_901958,2258
C_2097699,2400
C_1902539,2370
C_1765596,2317
C_1750781,1708
C_1756073,2299
C_1789694,2082
C_1776287,1724
C_1778562,2078
C_1789695,2343
C_1765595,2316
C_1755920,2296
C_696846,2476
C_1944727,2388
C_1915246,2381
C_1907852,2377
C_746971,515
C_682155,237
C_697206,1262
C_696740,50
C_707054,586
C_697398,407
C_697130,52
C_1780261,1729
C_682379,185
C_677045,144
C_1214863,803
C_697063,824
C_696840,1172
C_854855,173
C_1756060,1304
C_1756077,884
C_676656,79
C_697265,182
C_697299,291
C_696994,0
C_866756,57
C_854901,986
C_1741538,1482
C_1776290,1884
C_948040,1381
C_682346,279
C_697754,1184
C_676646,414
C_707083,491
C_676915,276
C_697149,44
C_735031,587
C_682586,114
C_697117,66
C_680754,225
C_735317,408
C_676917,499
C_696855,62
C_676659,396
C_677014,297
C_760442,107
C_681100,1226
C_1824934,2351
C_680881,375
C_680710,1145
C_697145,750
C_680733,810
C_799931,411
C_682360,139
C_890220,188
C_694140,300
C_696597,199
C_680989,711
C_947244,296
C_682187,1523
C_1017419,1697
C_677099,338
C_1731881,1859
C_2308093,2424
C_682373,468
C_948245,2020
C_696720,376
C_2059286,1926
C_681707,2458
C_696729,200
C_680732,212
C_682387,855
C_680779,630
C_801420,40
C_799796,78
C_697267,400
C_682153,485
C_947156,1467
C_682266,636
C_697208,165
C_694163,581
C_677083,417
C_756747,382
C_682523,271
C_948269,523
C_681678,164
C_681520,1773
C_682400,638
C_1912519,402
C_682530,1165
C_681719,633
C_680845,466
C_681083,778
C_697031,1799
C_845674,281
C_697766,975
C_697179,645
C_696732,613
C_911173,1679
C_674914,439
C_696691,1033
C_682185,1963
C_682203,2461
C_696762,1796
C_696705,1086
C_680817,526
C_774889,1454
C_697023,1256
C_682229,1159
C_682739,507
C_682728,1527
C_680903,1015
C_932172,1376
C_1808487,1893
C_682347,1965
C_865842,1554
C_697176,146
C_676820,442
C_676950,426
C_881456,989
C_1756058,1486
C_1718815,307
C_735118,1273
C_947240,413
C_681439,1021
C_905186,2259
C_696709,582
C_696788,1343
C_735394,1276
C_681009,1325
C_785161,1366
C_681212,1958
C_681345,608
C_682476,1336
C_681086,1225
C_682267,1236
C_680819,665
C_677142,1011
C_758204,1658
C_1438353,1580
C_734021,1807
C_680977,1322
C_674950,549
C_682275,1330
C_798690,1368
C_2093531,886
C_859519,1826
C_681699,1077
C_922865,802
C_1767316,730
C_1767588,2065
C_1886674,1598
C_917306,1113
C_898322,1372
C_747271,1041
C_887099,990
C_948208,1056
C_948076,1567
C_676918,1758
C_682246,316
C_682509,905
C_875624,653
C_676897,1141
C_681007,1017
C_1678971,1125
C_948488,1844
C_680955,1221
C_734053,2488
C_696812,2475
C_697030,684
C_682551,1630
C_681353,1512
C_677133,325
C_694150,967
C_682435,903
C_676900,1142
C_825832,1109
C_1889446,2108
C_947158,725
C_2256608,1006
C_697212,1984
C_948075,1383
C_1683594,1582
C_696988,913
C_697162,2230
C_948244,2019
C_1712435,1480
C_1755912,883
C_681688,779
C_1811832,1896
C_681158,2451
C_948416,2026
C_2266746,1496
C_682450,1785
C_680820,1410
C_1750786,1483
C_773953,2000
C_2097435,1608
C_916826,993
C_1824926,1902
C_682498,2219
C_747718,1543
C_2247589,1945
C_1724279,2290
C_680897,1507
C_766192,1661
C_1912002,1603
C_682505,963
C_2302877,1611
C_907961,1461
C_2199453,1935
C_1755925,2047
C_680879,948
C_887098,1110
C_948137,995
C_681335,1770
C_735310,1274
C_682549,1434
C_735153,1994
C_1766165,1488
C_697577,2234
C_948129,1475
C_696754,1170
C_1750791,1709
C_1776283,1208
C_735091,1539
C_677150,770
C_947165,1116
C_2033958,1136
C_735381,1451
C_1940999,1923
C_1429234,1579
C_749756,1816
C_735261,1996
C_682342,1333
C_682149,1962
C_1778560,2077
C_682289,1238
C_2219435,2167
C_2199458,2156
C_2218040,2162
C_2196043,2145
C_2215671,2160
C_1881493,2104
C_2221879,2168
C_1742805,2294
C_682310,1428
C_1824928,1401
C_680844,1950
C_681026,1508
C_1925894,2120
C_1756069,1715
C_2266748,2420
C_681411,1515
C_879104,1828
C_681087,1956
C_682488,2218
C_1918338,1919
C_682578,1526
C_1756066,2050
C_1764850,2308
C_1764856,2061
C_682303,2465
C_681429,1418
C_681432,1517
C_758198,1999
C_1410145,1389
C_881112,1829
C_1741501,1704
C_2227020,1942
C_1816012,2089
C_2221559,2406
C_1776281,2073
C_1789697,1890
C_2151142,1930
C_1828101,2353
C_1829950,2097
C_830568,2249
C_1818546,2090
C_1854868,2356
C_2244927,2418
C_1774963,2327
C_1912004,2117
C_1876253,1908
C_1884058,2363
C_1741500,2292
C_1903992,2372
C_1864058,2357
C_1766168,2319
C_756710,589
C_817148,983
C_1898449,1914
C_1918363,497
C_1765606,275
C_696554,61
C_932176,837
C_707031,4
C_681587,1774
C_680762,56
C_677038,113
C_948409,91
C_1761374,1717
C_854839,48
C_676932,3
C_948257,1572
C_677004,500
C_1811836,2087
C_680933,72
C_857823,694
C_734015,1037
C_696976,125
C_676676,58
C_1903985,37
C_758898,622
C_697791,2
C_1811728,548
C_685689,92
C_756646,252
C_676651,84
C_823308,475
C_676662,248
C_696892,453
C_948251,1294
C_674938,242
C_677095,133
C_682819,1168
C_676696,397
C_696992,971
C_677097,260
C_682147,315
C_747064,303
C_734054,366
C_680860,707
C_681045,632
C_696968,26
C_682697,580
C_697293,30
C_862969,117
C_948411,240
C_756665,540
C_845947,591
C_681647,1423
C_696972,192
C_947231,1839
C_677023,628
C_681152,1415
C_681475,814
C_681006,1324
C_680958,554
C_682331,1239
C_1438319,1846
C_697285,1036
C_697087,106
C_862620,695
C_1724291,1481
C_696991,454
C_680761,444
C_677042,427
C_680777,265
C_735214,98
C_733993,690
C_680770,388
C_682747,1791
C_682531,1433
C_786471,870
C_682624,285
C_688398,532
C_682224,269
C_948049,1120
C_682427,220
C_2215477,1940
C_682472,857
C_2215284,1939
C_685676,1792
C_1741560,1205
C_680785,664
C_697048,749
C_682772,420
C_681299,555
C_680747,629
C_682562,783
C_911738,763
C_696673,251
C_696857,1251
C_682345,109
C_681470,1153
C_677179,809
C_682709,906
C_696606,533
C_696682,74
C_1784713,1887
C_948387,1201
C_681745,1234
C_676685,767
C_677093,162
C_696956,431
C_681355,327
C_681588,2209
C_696771,1441
C_696897,377
C_681580,2454
C_735401,2243
C_697158,1801
C_911159,1111
C_697067,686
C_931250,542
C_735101,792
C_677144,340
C_697144,1181
C_697401,357
C_948239,1691
C_1750851,882
C_694168,470
C_680714,482
C_2009301,1925
C_697367,974
C_696625,1794
C_735156,1811
C_697479,510
C_917311,572
C_688388,1340
C_1755895,1710
C_1761370,2055
C_907965,1047
C_696549,1169
C_1797904,123
C_697072,332
C_682285,1237
C_697076,787
C_682602,529
C_905197,928
C_682723,1081
C_697778,119
C_735267,1102
C_682770,966
C_1761379,2056
C_697045,616
C_680716,404
C_949541,2028
C_939342,1835
C_893822,1676
C_1412527,373
C_1944725,2123
C_1025064,843
C_682487,1028
C_948399,2283
C_934530,2013
C_909451,2262
C_948426,1577
C_2053613,942
C_808534,570
C_697729,1095
C_948433,998
C_680941,894
C_890276,1460
C_697167,2231
C_1732842,846
C_2095102,887
C_696945,583
C_927959,478
C_682407,610
C_735164,292
C_681679,1075
C_1912019,2379
C_879050,872
C_813262,1281
C_676902,351
C_697431,1537
C_948241,1293
C_676996,249
C_682556,1244
C_696801,1442
C_696845,1443
C_749652,1360
C_1429102,1057
C_813491,1823
C_681409,1417
C_682691,1437
C_707135,753
C_1017355,574
C_735395,569
C_682581,341
C_682443,782
C_1628160,1848
C_817691,383
C_676934,889
C_1756078,1874
C_922854,1464
C_682731,1339
C_948430,659
C_756671,1544
C_682567,2221
C_1706099,1301
C_682477,1787
C_680972,776
C_697092,1349
C_682397,742
C_1687717,1204
C_682480,904
C_681471,1022
C_680784,850
C_682629,640
C_1886688,1911
C_876710,2255
C_696827,363
C_735243,1995
C_682643,1080
C_907951,2261
C_948102,1054
C_694160,1529
C_747273,830
C_936997,1564
C_1683791,1850
C_1891038,2366
C_1692685,1700
C_680717,890
C_681535,1420
C_948074,1382
C_1774986,2330
C_756736,1819
C_707379,1806
C_682479,1432
C_681666,2210
C_948259,1843
C_936968,1465
C_735032,1097
C_1682756,2287
C_680821,465
C_682506,1164
C_680774,550
C_879111,762
C_681197,1957
C_948267,2022
C_696832,1171
C_926165,1286
C_696641,1639
C_680891,1411
C_677174,1613
C_681720,1328
C_956130,1123
C_2290451,2185
C_707360,1269
C_854902,1458
C_697288,916
C_916821,1562
C_1941101,1135
C_1755922,1870
C_747681,1657
C_1822804,940
C_680790,947
C_948286,1387
C_680767,2443
C_784387,1044
C_682340,1332
C_948038,522
C_854898,2253
C_746960,1655
C_2185788,2142
C_2237037,2180
C_2197705,2149
C_1793819,2084
C_2180023,2138
C_2179942,1933
C_2199303,2152
C_1774985,2329
C_936949,2014
C_1903986,2112
C_676692,2190
C_1824918,2350
C_677181,2193
C_758194,1195
C_694153,1528
C_1756072,2052
C_1755946,2048
C_1912010,1917
C_1789689,1889
C_1776297,2075
C_936936,2267
C_681015,1618
C_682263,1782
C_735306,2242
C_948406,1576
C_1980010,2390
C_681420,2453
C_735033,1992
C_697327,2483
C_697046,1180
C_696722,1342
C_682361,2217
C_799778,2245
C_681049,1069
C_2329521,2431
C_1907855,2378
C_1875490,2361
C_1737097,1395
C_681041,2447
C_676948,2192
C_707063,2486
C_681373,1621
C_1907726,2374
C_777194,2496
C_2059294,2127
C_1755893,1866
C_735110,2238
C_1992970,2393
C_911131,2009
C_1844128,2355
C_1741506,2293
C_1755940,2297
C_2316363,2427
C_1123944,2286
C_681011,1762
C_1731884,2037
C_1764859,2311
C_1886691,2365
C_830571,2004
C_688385,2471
C_682534,2220
C_682282,2464
C_911735,2264
C_1884005,2105
C_1886678,2364
C_907923,2260
C_2266759,2421
C_1907850,2376
C_1944731,2389
