user_id,user_index
U_119,3734
U_2325,107
U_2434,4113
U_3091,6356
U_3212,573
U_3933,4474
U_4117,449
U_4528,1847
U_4666,6690
U_4938,3415
U_5408,3433
U_5892,1073
U_5947,2214
U_6147,2222
U_6199,4609
U_7099,2245
U_8220,192
U_8462,4730
U_9570,3600
U_9745,4825
U_10362,1929
U_10513,1649
U_10577,2324
U_11560,500
U_11680,3720
U_16660,886
U_17758,5448
U_17843,1012
U_17856,3057
U_18741,1275
U_20375,1142
U_22605,2050
U_22728,466
U_24025,1153
U_24089,387
U_24243,5838
U_24348,2064
U_24934,1028
U_24948,1766
U_25195,3170
U_25234,2541
U_25302,3171
U_25557,1520
U_26489,1307
U_27689,2579
U_27941,6046
U_28823,2100
U_29091,188
U_29205,2107
U_29439,3245
U_29595,3250
U_30375,6242
U_31927,3311
U_33310,1336
U_33995,2662
U_34001,4437
U_35022,2665
U_35252,6563
U_35413,100
U_36667,169
U_36752,6581
U_36812,1565
U_37284,831
U_38004,1341
U_38009,621
U_38307,2677
U_38395,675
U_39841,939
U_40256,325
U_41196,1061
U_41448,244
U_42142,2176
U_42709,2177
U_43395,3386
U_44675,6668
U_44990,1577
U_46292,1203
U_46294,3396
U_46429,6689
U_47195,3402
U_48255,1353
U_48462,1205
U_49402,683
U_49456,6737
U_51363,1356
U_52096,145
U_52537,190
U_52783,4550
U_53450,3431
U_53547,1592
U_53554,1858
U_54602,3435
U_54703,4560
U_54771,6788
U_56994,1362
U_57128,1210
U_57367,2207
U_57394,2208
U_57438,1211
U_59480,1866
U_60741,1367
U_60953,6871
U_61100,587
U_61676,2223
U_61784,630
U_61996,266
U_62475,1370
U_62769,2230
U_63101,1603
U_63418,2754
U_63912,1374
U_64152,4625
U_65739,420
U_69220,844
U_69323,1882
U_69571,6925
U_69782,3493
U_69839,1224
U_71469,1080
U_71623,4661
U_72428,1380
U_73282,6950
U_77800,2789
U_78100,146
U_78664,7001
U_78799,4690
U_78872,7002
U_79991,1227
U_80563,214
U_81388,2803
U_81391,2804
U_81397,1385
U_81953,4712
U_83705,4723
U_84067,3535
U_86171,1394
U_88154,1905
U_88898,4758
U_90003,312
U_90066,376
U_90473,3568
U_90893,7185
U_91140,2279
U_91502,4787
U_92151,637
U_92335,162
U_92380,56
U_92568,2849
U_92951,1090
U_93052,455
U_93303,1915
U_93661,2851
U_93698,425
U_94160,7219
U_95330,1237
U_95461,1628
U_96386,1409
U_96472,2863
U_96665,4820
U_97097,3605
U_97874,1093
U_97896,699
U_98412,7264
U_98543,4832
U_98644,2299
U_98738,4836
U_99145,313
U_99176,977
U_99715,2877
U_99723,778
U_99750,978
U_100156,592
U_100239,3620
U_100281,278
U_100364,4846
U_100378,302
U_100590,3623
U_100955,2883
U_102027,980
U_102368,2311
U_102593,458
U_103360,1643
U_103404,2319
U_103659,4878
U_104087,280
U_104184,494
U_104269,4889
U_104559,1104
U_104737,1647
U_104765,340
U_105991,1426
U_106576,4916
U_107183,316
U_107379,1106
U_107385,4930
U_108425,704
U_108451,2917
U_108915,2330
U_109827,2332
U_109968,4964
U_110009,2922
U_110499,259
U_110830,4973
U_110960,4976
U_112411,498
U_112751,2931
U_115304,3715
U_116461,2938
U_118044,148
U_118417,2945
U_118422,5030
U_119472,238
U_119668,5046
U_119967,2354
U_123238,5077
U_123562,163
U_126045,646
U_129807,2368
U_133264,1121
U_133380,51
U_133446,2371
U_134407,1261
U_136551,5
U_138144,5171
U_139040,2974
U_139691,294
U_140669,789
U_143349,2978
U_145384,1972
U_147060,3814
U_148039,2385
U_148279,5224
U_149113,880
U_150337,5234
U_151643,3828
U_153048,5253
U_153965,1977
U_154701,2390
U_154728,318
U_154839,2392
U_155592,3842
U_156003,126
U_157763,1705
U_157798,5295
U_157974,1984
U_157979,2400
U_158209,2403
U_159986,792
U_160258,883
U_161258,5342
U_161660,794
U_161724,1709
U_162027,3877
U_162402,1006
U_163487,1713
U_165914,3889
U_165938,116
U_166441,5381
U_167242,303
U_167305,5385
U_170801,3909
U_170867,3910
U_170934,3033
U_175956,2015
U_176076,2437
U_178046,1010
U_179517,5458
U_181501,1014
U_190025,3957
U_190634,1479
U_190779,558
U_191812,3071
U_192172,1139
U_192226,1278
U_192318,1483
U_192392,1279
U_195896,5547
U_197770,3987
U_197850,1486
U_198177,2029
U_199151,1016
U_199166,511
U_202466,5583
U_202672,261
U_203127,1742
U_203898,1285
U_203899,2478
U_204607,2034
U_204686,5606
U_205822,2035
U_208144,5623
U_208176,1494
U_212723,167
U_214190,4042
U_218780,1147
U_219858,901
U_221875,2047
U_222527,4062
U_222551,409
U_222847,5745
U_224654,1502
U_226772,2052
U_227137,77
U_227292,2053
U_227689,562
U_227853,5771
U_228515,5776
U_230838,5793
U_230904,4089
U_233612,2520
U_234678,5810
U_234712,1513
U_238268,5819
U_240493,4105
U_242346,2061
U_242967,1025
U_249670,727
U_250757,2537
U_250764,142
U_251485,566
U_253627,1030
U_254342,5895
U_256386,2071
U_256807,3177
U_258963,1033
U_260020,5937
U_260765,3187
U_262380,2559
U_262959,4174
U_266687,4185
U_266702,5980
U_268927,3202
U_269050,3203
U_272312,2570
U_275063,2088
U_277114,4216
U_277475,1783
U_279580,3223
U_279600,2582
U_279619,348
U_280571,181
U_283921,917
U_286881,569
U_289566,6103
U_289821,4256
U_291617,3239
U_293905,4277
U_294478,6142
U_294482,6146
U_294594,2601
U_295548,1537
U_297140,6191
U_297168,739
U_297657,1794
U_298327,3256
U_299489,363
U_299729,921
U_300617,1042
U_301158,1539
U_304068,6246
U_304118,6255
U_304132,6260
U_306603,1798
U_306892,6343
U_310266,6363
U_311899,1177
U_312222,923
U_313127,3289
U_314927,2620
U_315466,2622
U_315635,2128
U_315636,4363
U_315674,822
U_316346,6404
U_316665,6407
U_316713,2627
U_317259,1323
U_317270,3295
U_317275,6413
U_318294,4383
U_318708,1326
U_318745,2637
U_318754,1180
U_318784,1181
U_319645,1051
U_319699,6454
U_321368,2143
U_321610,618
U_323638,3322
U_324964,6479
U_326437,6489
U_326560,2150
U_326751,2648
U_327286,2151
U_327396,3331
U_327789,46
U_328314,3337
U_328822,747
U_329894,6516
U_330024,1556
U_330599,394
U_331957,1057
U_332523,3349
U_332603,1335
U_333038,933
U_333302,934
U_333887,1190
U_334015,828
U_90,2835
U_118,3728
U_1542,1980
U_1669,3894
U_1900,3956
U_2839,6074
U_3450,1562
U_3984,6612
U_5065,1063
U_5383,371
U_5485,1358
U_5820,4582
U_6546,2759
U_7280,3496
U_8401,852
U_11223,4992
U_11632,1943
U_11939,2948
U_12699,2958
U_17664,3051
U_17737,1009
U_18569,5478
U_20269,1490
U_21645,226
U_21864,2503
U_22291,657
U_24235,5837
U_24248,1024
U_26985,912
U_29182,2106
U_32319,6474
U_33346,4432
U_34645,6555
U_35258,447
U_35690,2164
U_36205,4453
U_36764,478
U_37620,6591
U_39308,6610
U_39319,3375
U_40053,2682
U_42542,6647
U_44964,6673
U_47658,2700
U_48017,6707
U_48641,6715
U_51141,6755
U_52003,2196
U_53185,3428
U_53502,2718
U_56603,6805
U_57179,1364
U_58890,2734
U_62990,4616
U_64525,4629
U_67825,2238
U_67951,2768
U_74139,4666
U_77632,6984
U_78908,4692
U_80564,7022
U_80644,7025
U_81317,3520
U_81516,1082
U_82937,4721
U_84111,7084
U_84457,2813
U_86239,590
U_86278,4740
U_88034,1396
U_88396,2268
U_88602,1906
U_89130,7145
U_90456,4772
U_90664,7173
U_93138,2850
U_94541,7223
U_95637,3596
U_96287,3602
U_98537,2298
U_98722,2869
U_100203,780
U_102917,2891
U_103909,1421
U_104057,4885
U_104064,1422
U_104947,3661
U_106225,3675
U_107936,4934
U_108445,4944
U_110466,596
U_112278,4993
U_112848,991
U_113315,4996
U_115399,5015
U_117692,1947
U_118054,2943
U_119662,5045
U_121991,5068
U_122240,2953
U_126012,5097
U_138064,5166
U_138160,5172
U_142301,2380
U_143968,2980
U_146091,3807
U_147993,5219
U_148376,5225
U_149112,711
U_154897,5261
U_156819,881
U_157068,5290
U_159293,3861
U_159349,2408
U_161142,5337
U_163868,3884
U_164171,5370
U_166958,1997
U_168452,5395
U_169522,1465
U_171819,3912
U_174686,3919
U_175556,3046
U_177564,1133
U_183816,3943
U_188293,5492
U_188814,3953
U_191157,3965
U_191224,3966
U_191573,1482
U_191684,3967
U_196278,2462
U_203772,3098
U_206452,5614
U_209856,720
U_213186,5670
U_213214,5681
U_226925,2513
U_226967,5762
U_228377,3132
U_231818,3141
U_234902,3145
U_235140,2524
U_237761,2527
U_242667,1301
U_245285,4119
U_246620,4121
U_251625,3169
U_253824,1768
U_256512,5906
U_258000,2553
U_262309,4171
U_265411,1776
U_265693,5970
U_271410,2085
U_272024,6008
U_273679,7292
U_279567,3222
U_289849,6106
U_297386,3254
U_297620,2114
U_298105,6201
U_299245,520
U_304075,6248
U_304301,6280
U_305763,2122
U_306127,6336
U_307703,6349
U_310498,3286
U_313740,6386
U_314454,3290
U_314456,6391
U_315595,2623
U_315660,4364
U_316766,474
U_317710,1807
U_318625,2636
U_318848,6447
U_319063,4392
U_321817,6462
U_325709,2148
U_325727,6483
U_326285,4408
U_330270,4421
U_123,3747
U_1294,5110
U_1528,5250
U_2155,2497
U_2748,3212
U_3603,2669
U_7784,6987
U_8551,7110
U_9401,7213
U_9752,1413
U_14374,1971
U_17629,3050
U_24148,3150
U_24436,4115
U_25731,5911
U_32700,746
U_36088,2167
U_36496,2168
U_37569,1837
U_42324,6642
U_43790,2689
U_45146,4498
U_46704,4506
U_47839,3405
U_48624,4524
U_49187,6724
U_49280,7296
U_49441,4536
U_51806,6760
U_53531,6779
U_56529,3441
U_57364,6816
U_58163,3451
U_58483,1599
U_59175,2735
U_60350,6861
U_61309,4605
U_62991,4617
U_63829,6887
U_65123,4632
U_65302,6897
U_71627,6940
U_72870,6946
U_74765,4672
U_75044,6965
U_81440,7041
U_81557,2261
U_81687,4708
U_82117,4715
U_86798,4743
U_87978,7135
U_88617,4755
U_89071,7144
U_89608,7153
U_93298,3583
U_97258,4823
U_98243,7261
U_100303,2304
U_103650,3644
U_108280,4940
U_110199,3693
U_111374,4984
U_115575,1436
U_118677,5032
U_120620,1119
U_123353,5078
U_131804,5128
U_133269,5138
U_135286,5151
U_138186,5173
U_145827,1690
U_146077,5207
U_147489,5215
U_149213,2387
U_154068,5257
U_155435,5271
U_157779,5293
U_159206,3860
U_164212,5371
U_166928,2427
U_167459,5389
U_184266,2443
U_186985,1475
U_197829,3088
U_197924,3089
U_203097,1491
U_203769,1283
U_210152,5636
U_210286,4029
U_210305,5640
U_213123,5654
U_215771,5701
U_218505,4054
U_218610,1499
U_221210,5734
U_228436,5775
U_230724,904
U_234137,5804
U_239162,4101
U_244111,5853
U_250067,5871
U_251015,4129
U_255373,5903
U_255401,5904
U_259101,5927
U_261986,5946
U_270095,6002
U_275369,1781
U_275865,6027
U_276168,4212
U_282385,6067
U_284602,2096
U_289524,2101
U_294497,6151
U_294513,6161
U_297131,1315
U_299488,6213
U_301080,6225
U_302106,4313
U_304042,6244
U_304352,6318
U_308030,2123
U_309640,6358
U_317804,4381
U_323787,824
U_327120,2650
U_1639,3022
U_1982,3990
U_2023,5579
U_3439,3356
U_3935,4475
U_4207,3383
U_14740,5214
U_17848,5457
U_24629,1302
U_25914,5928
U_26282,3188
U_28163,4232
U_29493,6182
U_34563,6554
U_37256,6585
U_39404,6611
U_48227,3409
U_51205,6756
U_54752,4562
U_58523,2731
U_59373,4590
U_60622,6863
U_73183,6948
U_81075,7030
U_83577,7074
U_84706,3540
U_90348,1908
U_90504,7169
U_91032,3574
U_91823,2847
U_94092,7217
U_96351,7241
U_98746,7274
U_104496,3655
U_105719,4909
U_107192,4927
U_110184,4967
U_111242,3698
U_111478,4986
U_111777,4988
U_112774,3706
U_118562,3732
U_142623,3796
U_142724,5191
U_148511,1449
U_150571,5238
U_164960,2426
U_170173,5409
U_192193,3968
U_198302,5563
U_199209,5567
U_199751,5569
U_204183,3102
U_207644,5620
U_210412,2492
U_213120,5653
U_219232,5720
U_219455,5723
U_227827,3128
U_230314,5789
U_244168,5856
U_257799,4155
U_260856,5939
U_261528,5943
U_276289,4213
U_278602,6041
U_287699,6091
U_290710,6116
U_292888,2598
U_293581,2599
U_304302,6281
U_311143,6365
U_313373,4353
U_317286,4376
U_321619,6460
U_330509,6522
U_331778,4424
U_10571,4908
U_11785,5025
U_12853,2960
U_15390,2997
U_16431,5374
U_29400,4278
U_36501,4454
U_41398,6625
U_46006,6679
U_46259,4501
U_59611,6846
U_64574,2757
U_67885,3489
U_68878,6920
U_69207,6924
U_70711,6936
U_81304,3519
U_84970,7103
U_88928,7142
U_90510,7170
U_96466,7246
U_104613,4896
U_105042,2903
U_113364,4998
U_131331,3768
U_134373,2967
U_137887,2970
U_151120,5243
U_161200,5338
U_162259,5352
U_169446,3030
U_189811,5497
U_190629,5508
U_199291,3994
U_201944,5577
U_223606,5748
U_236415,5816
U_264803,5962
U_285441,6083
U_294471,6137
U_294547,6175
U_297161,4288
U_297677,6198
U_298079,6200
U_304129,6259
U_304347,6315
U_317743,6421
U_318631,6438
U_332151,4426
U_332517,4429
U_3165,6406
U_7530,6968
U_22280,5744
U_37336,6588
U_38342,6604
U_51393,4540
U_52520,6773
U_54075,6782
U_57462,6822
U_85506,7109
U_89706,7154
U_90839,7182
U_95020,7228
U_102348,2886
U_104507,4892
U_106718,4919
U_130124,5114
U_156354,5283
U_163191,5358
U_166803,3893
U_190069,5503
U_194336,3975
U_207416,5619
U_229702,5785
U_235351,5813
U_241724,4108
U_244160,5855
U_273542,6014
U_294475,6140
U_300749,6222
U_316639,4371
U_184,3063
U_9338,7209
U_41532,6627
U_49063,6721
U_52678,6774
U_89713,7155
U_91762,7195
U_106760,4920
U_130217,5115
U_163182,5357
U_178115,3932
U_206822,5616
U_229192,5784
U_285595,7293
U_119824,5048
U_263341,5952
U_264015,5957
U_277988,6038
U_291255,6117
U_34508,6553
U_242,4110
U_457,6677
U_974,861
U_1290,3766
U_1485,1696
U_1547,712
U_2009,1741
U_3052,3276
U_3169,1045
U_3170,4372
U_3446,143
U_3516,6561
U_3715,526
U_3836,4469
U_4371,4490
U_4381,579
U_4898,479
U_4908,84
U_5257,1854
U_5266,3427
U_5400,759
U_5435,1594
U_5631,3439
U_5872,2211
U_6068,6864
U_6806,247
U_6980,955
U_7010,1883
U_7277,65
U_7529,1611
U_7542,849
U_8132,7036
U_9105,4782
U_9266,4791
U_9503,3591
U_9726,7255
U_9801,4827
U_9967,493
U_10000,4843
U_10053,1639
U_10830,989
U_11024,784
U_11673,1670
U_11733,545
U_11983,3
U_12118,3741
U_13623,5155
U_14070,2976
U_14493,5202
U_15173,3829
U_15737,40
U_15777,3854
U_17714,285
U_17774,1272
U_17810,1011
U_19575,800
U_19857,5564
U_20128,5576
U_20455,1745
U_21879,176
U_24043,4104
U_24056,906
U_24195,1761
U_24277,11
U_24284,435
U_24296,322
U_24422,3157
U_24482,565
U_25091,361
U_25296,5886
U_25298,75
U_25388,139
U_25653,1305
U_25828,2074
U_25869,2555
U_25996,5935
U_26482,5963
U_27256,4198
U_29514,2111
U_29556,571
U_30351,6238
U_31311,6381
U_31692,128
U_31870,3302
U_31902,111
U_32349,3321
U_33555,523
U_33557,829
U_35117,750
U_35307,2163
U_35935,6570
U_36060,55
U_36547,6577
U_36741,751
U_37541,4461
U_38012,2676
U_38390,1566
U_38414,676
U_39042,1200
U_41217,19
U_41567,310
U_42414,6644
U_42745,679
U_44439,1574
U_44702,2182
U_44852,6672
U_45168,34
U_46239,3394
U_46312,3398
U_46330,205
U_46440,1350
U_46887,3400
U_47209,2696
U_47243,4510
U_47257,23
U_47457,581
U_47838,396
U_48537,3411
U_48621,6714
U_49166,2704
U_49222,4529
U_49253,4530
U_49773,946
U_50326,529
U_50492,397
U_50580,6749
U_51538,627
U_52950,947
U_53152,481
U_53298,2716
U_53388,2717
U_55747,1360
U_55920,1361
U_56532,101
U_57449,2210
U_57739,1212
U_58000,4580
U_58151,3450
U_58158,1365
U_58217,840
U_59231,841
U_59267,1366
U_59305,6845
U_59359,4588
U_59602,2738
U_59855,2739
U_60021,349
U_60389,2744
U_60990,1368
U_61191,2748
U_61811,3467
U_61882,2226
U_61953,1869
U_62477,1870
U_63390,4619
U_64571,485
U_64788,3478
U_65105,4631
U_65211,199
U_65741,329
U_66137,421
U_66175,3485
U_66404,184
U_67591,2237
U_67881,246
U_68089,1878
U_68241,4648
U_71091,535
U_73213,6949
U_73691,2780
U_73901,1610
U_74579,6959
U_75711,1381
U_75756,4674
U_75992,6974
U_76230,300
U_76747,1887
U_77942,4681
U_78027,4682
U_78193,4685
U_78665,3511
U_79067,7005
U_80297,3514
U_80665,1383
U_80668,1615
U_80891,147
U_81203,161
U_81398,488
U_81448,4704
U_81619,1083
U_81673,851
U_81781,401
U_81852,4710
U_82470,7065
U_84020,1901
U_84196,333
U_84331,2264
U_84522,4729
U_84964,3543
U_85032,1390
U_85061,1391
U_85332,2815
U_85406,4736
U_86260,1233
U_86785,1619
U_86795,3554
U_86925,2823
U_86939,7126
U_86955,215
U_87462,4747
U_87487,7131
U_87649,335
U_89335,4761
U_89405,2832
U_90453,7167
U_90842,2274
U_90931,2844
U_90953,2845
U_92615,2283
U_92639,1400
U_94634,4806
U_95038,7229
U_96240,4813
U_96390,7242
U_96410,426
U_96923,3604
U_97101,1633
U_97177,3606
U_98574,193
U_98581,4833
U_98674,7272
U_98982,862
U_99559,1239
U_100294,457
U_100298,314
U_100341,1098
U_101079,2884
U_101891,2310
U_102573,2889
U_103315,2893
U_103340,1927
U_103547,4875
U_104331,701
U_104336,2900
U_104580,4895
U_104631,1930
U_105051,3663
U_105099,1648
U_106286,1252
U_106434,703
U_106721,987
U_106920,4924
U_107075,2912
U_108119,1255
U_108432,92
U_108784,2328
U_108813,1430
U_108849,353
U_108859,3689
U_109175,868
U_109655,459
U_111358,2337
U_111422,2927
U_112048,2338
U_112496,2930
U_112506,354
U_114203,208
U_115390,2346
U_116880,2351
U_118013,5026
U_118232,3730
U_118397,2353
U_119402,2949
U_119811,1954
U_123126,1440
U_123544,5080
U_124226,3753
U_124787,5093
U_124900,2957
U_125537,2363
U_127538,5101
U_128695,875
U_132790,1260
U_132991,1963
U_133944,2373
U_134325,998
U_134382,3777
U_134616,5146
U_136680,708
U_137613,5162
U_138650,999
U_139448,1264
U_144649,3803
U_144887,1124
U_145978,1691
U_147408,2988
U_149379,120
U_150785,2388
U_153467,381
U_154849,121
U_155131,1701
U_155271,5270
U_155790,15
U_156814,3849
U_157970,5296
U_158403,2404
U_159894,1004
U_161263,3014
U_161420,3016
U_161790,884
U_163177,5356
U_163796,3021
U_164195,1996
U_164226,507
U_164787,2425
U_166996,3895
U_167460,5390
U_167697,3897
U_169156,3027
U_169411,2002
U_169530,1717
U_170036,5404
U_170044,5405
U_171213,2008
U_173159,2010
U_173430,5422
U_175284,5429
U_178256,5456
U_179054,407
U_180506,432
U_180598,1013
U_181254,3935
U_181489,1730
U_182027,2441
U_183782,1274
U_187619,510
U_187736,5489
U_190462,604
U_190475,3069
U_190678,5510
U_192723,3970
U_193074,5528
U_193803,3079
U_194982,5541
U_195529,2459
U_196424,5551
U_199409,1280
U_199811,560
U_202676,1141
U_204629,1746
U_206102,286
U_206798,4015
U_210995,898
U_212713,2039
U_212915,2040
U_213200,5676
U_213599,5687
U_217700,4052
U_219480,2504
U_220652,723
U_222306,343
U_223207,2048
U_224191,2049
U_226491,129
U_226593,1296
U_226645,1505
U_226788,4076
U_227015,5764
U_227059,1507
U_227798,4083
U_227826,5770
U_229052,5781
U_229236,2516
U_229734,809
U_229878,3134
U_231380,3139
U_237902,724
U_238115,386
U_244139,3156
U_246241,5859
U_247005,610
U_262578,911
U_262637,813
U_264836,3195
U_265573,470
U_265697,5971
U_266904,5983
U_268523,242
U_270698,2568
U_272294,1163
U_272895,733
U_273870,4202
U_274582,2578
U_276422,660
U_277625,1165
U_283180,4239
U_286656,1314
U_287194,4252
U_287291,1038
U_287405,519
U_289428,264
U_291315,4264
U_292330,392
U_292823,1168
U_294485,6148
U_294517,6163
U_295822,738
U_296977,6188
U_299232,4298
U_303226,414
U_304046,6245
U_304414,4321
U_305089,324
U_306413,4326
U_308184,3283
U_311743,1801
U_313097,4351
U_315543,821
U_315638,6400
U_317048,2131
U_317288,2132
U_317779,1324
U_317792,3299
U_318544,4385
U_319362,3312
U_319426,3313
U_319754,3314
U_321644,309
U_321919,928
U_322165,574
U_322210,1551
U_324496,1054
U_325071,1330
U_325687,3325
U_326271,54
U_326448,2644
U_326541,1055
U_327039,476
U_327674,2152
U_328438,2154
U_329339,1332
U_331362,1823
U_331531,445
U_332154,522
U_332432,3348
U_104,4884
U_1158,5018
U_1359,1122
U_1606,5333
U_2169,3113
U_3731,6587
U_4043,1571
U_4235,1062
U_5597,6799
U_6890,6921
U_7591,958
U_8018,2256
U_9980,7283
U_11090,871
U_11194,3701
U_12388,5087
U_12497,3758
U_12841,1960
U_15215,3830
U_15813,2402
U_16732,1462
U_17435,2435
U_17537,3045
U_17731,1468
U_22505,4067
U_23850,1514
U_24241,2062
U_24263,5841
U_24300,3155
U_24620,5858
U_24852,1303
U_25390,1031
U_27094,6004
U_28285,3228
U_30255,3265
U_30971,6359
U_31265,4348
U_31270,1178
U_31308,3288
U_32418,2146
U_32768,6503
U_33813,6547
U_33824,6549
U_34117,4439
U_34537,2158
U_36733,2169
U_37656,1196
U_38424,4470
U_38458,2678
U_38727,2172
U_41846,2684
U_42599,4487
U_43529,6656
U_44421,1845
U_45775,1201
U_46203,3393
U_46315,3399
U_47184,1204
U_48136,4517
U_49362,6731
U_51751,4545
U_51937,758
U_52366,6771
U_53713,6780
U_57191,6812
U_57311,3445
U_57372,6817
U_57428,4574
U_57857,4578
U_58331,6830
U_59926,6852
U_59986,6856
U_60754,3463
U_61352,6874
U_61871,2225
U_62480,6879
U_63814,6886
U_67822,1221
U_69042,4653
U_74521,1884
U_77083,6979
U_78713,1892
U_78775,4689
U_79374,7009
U_82303,4717
U_82341,964
U_82509,3533
U_84319,3537
U_90474,3569
U_90875,7184
U_90967,4781
U_94334,859
U_95265,2287
U_97034,7251
U_97077,2867
U_98515,2297
U_98586,4834
U_98702,1415
U_98904,4837
U_99539,2301
U_99567,1240
U_103110,1642
U_103416,2320
U_103790,4881
U_106058,495
U_106584,4918
U_106864,4922
U_108758,4950
U_109288,1431
U_109773,4962
U_110010,4965
U_114012,1667
U_114744,3713
U_116780,1671
U_116855,707
U_116878,3721
U_119785,5047
U_125163,994
U_126100,5099
U_131464,5124
U_138075,5168
U_138348,3787
U_139168,5175
U_140285,5178
U_148948,5226
U_150269,2990
U_151677,5246
U_155199,2394
U_156126,3844
U_156201,3845
U_158876,5305
U_160618,5334
U_161702,2416
U_162686,1129
U_169209,716
U_170084,2431
U_172608,3916
U_172726,3038
U_175369,3044
U_177377,1728
U_180739,5461
U_191207,2450
U_191421,2451
U_194066,5535
U_196220,5550
U_203832,4006
U_204933,4008
U_205764,4010
U_205808,2484
U_205831,2036
U_206373,2486
U_206947,3108
U_208877,4023
U_216584,1750
U_217539,5710
U_221356,1501
U_224341,2509
U_226494,4073
U_226793,4077
U_227846,1299
U_228236,3131
U_228692,5777
U_230665,516
U_234053,3143
U_237097,2526
U_238567,5822
U_239466,1758
U_242644,5842
U_244600,1516
U_248768,4124
U_251503,4133
U_253762,5891
U_262149,4170
U_266859,4188
U_271591,3207
U_272292,2086
U_275092,6024
U_276578,2089
U_279617,6051
U_281777,1529
U_282136,6061
U_285178,2588
U_285522,4245
U_286661,3232
U_286714,4249
U_292360,4268
U_292469,664
U_294348,3244
U_294510,6158
U_294662,2602
U_297819,4291
U_299410,6212
U_299667,4299
U_301046,1318
U_301558,4311
U_303002,4315
U_304024,3267
U_304278,6265
U_304279,6266
U_304306,6285
U_304378,6324
U_304774,6326
U_305207,3277
U_305278,6328
U_306178,6337
U_306959,4330
U_307985,2616
U_310195,1176
U_310231,4339
U_313050,2127
U_313865,925
U_314705,6393
U_315612,1545
U_317244,4374
U_318165,6429
U_322182,1185
U_326142,1816
U_326272,6487
U_326705,6495
U_327855,3334
U_328636,1821
U_333652,6543
U_217,2499
U_2487,3163
U_3084,3284
U_3479,4443
U_7011,6930
U_8791,7134
U_9042,3565
U_9829,4829
U_11076,4972
U_11377,2342
U_15417,5258
U_18798,3949
U_18971,3067
U_20394,3101
U_24511,3158
U_25313,5888
U_26519,4182
U_28573,3231
U_32555,6481
U_33859,4434
U_34805,3357
U_35203,6562
U_37654,6594
U_38063,4465
U_39143,6609
U_40461,1839
U_44415,6666
U_46750,1579
U_47328,1583
U_48191,4521
U_48599,6712
U_49384,4533
U_55353,6790
U_59052,2212
U_59732,6849
U_59991,6857
U_60942,2746
U_62520,6881
U_62970,4614
U_64180,4626
U_65948,3484
U_68151,6915
U_78060,6991
U_80696,2800
U_83513,1231
U_83558,7073
U_83595,7075
U_84512,7093
U_84523,7095
U_85592,3548
U_86091,7115
U_86402,7119
U_87310,2825
U_88106,4750
U_90170,4769
U_90467,4773
U_90470,7168
U_95886,4811
U_96659,1918
U_96871,2865
U_97265,7256
U_99257,3614
U_101820,2309
U_101911,4858
U_103808,3650
U_104337,4890
U_104542,2902
U_110189,4968
U_110303,1938
U_117820,3726
U_127731,5105
U_138107,1685
U_141764,3794
U_159915,3869
U_161086,3013
U_161680,5348
U_164119,3885
U_170052,1718
U_170352,5411
U_174078,5425
U_175548,3921
U_175770,3049
U_177776,3930
U_177849,3931
U_184204,2442
U_188297,5493
U_190022,5500
U_191935,5522
U_193075,5529
U_90446,4771
U_231761,3140
U_2045,5602
U_197160,2465
U_199049,3991
U_199777,3998
U_202666,5586
U_203796,1017
U_211210,5644
U_217248,1751
U_218616,4056
U_226743,1297
U_229187,5783
U_234753,5811
U_257061,2550
U_274278,6022
U_284548,4243
U_287158,6090
U_289924,4257
U_290102,2596
U_292739,4273
U_294525,6166
U_297835,6199
U_299958,4301
U_301149,4310
U_304289,6272
U_304346,6314
U_309943,6360
U_310156,6361
U_321854,1813
U_323421,6476
U_324289,6478
U_332617,6539
U_195,3082
U_1635,3020
U_3498,2664
U_4307,6652
U_8743,1620
U_9988,7284
U_10374,4880
U_15062,5239
U_15523,5269
U_24087,4106
U_24327,2531
U_26634,5978
U_29194,6121
U_37786,6597
U_41689,6631
U_41776,6633
U_45930,6678
U_46426,943
U_47450,4512
U_47879,6702
U_47947,6706
U_49292,6727
U_54956,4565
U_55436,6791
U_56613,4570
U_63275,3473
U_65456,6900
U_70465,6934
U_71303,2775
U_71496,6938
U_75708,6973
U_77881,3505
U_81435,7040
U_81514,3523
U_83622,7076
U_86302,7116
U_88558,3557
U_88769,4757
U_93133,7205
U_94076,7215
U_99458,1920
U_100936,1417
U_102928,3640
U_105062,2904
U_106570,4915
U_109811,2920
U_112259,3703
U_118834,5033
U_120373,5057
U_138104,5170
U_143588,5197
U_145297,5204
U_160012,3011
U_169942,5402
U_182503,3940
U_184719,5477
U_188367,2448
U_193355,5531
U_194284,5536
U_203729,5595
U_215220,5693
U_218515,5715
U_219953,5725
U_224699,5751
U_232956,2518
U_233534,5802
U_253133,4145
U_263459,5953
U_271589,3206
U_275124,6025
U_283552,2586
U_286885,6089
U_291014,4262
U_293834,6131
U_294462,6135
U_294506,6156
U_294579,6177
U_294905,4281
U_298129,4293
U_298640,6208
U_304321,6298
U_304342,6312
U_315552,6398
U_317682,4378
U_323432,6477
U_326013,6485
U_333948,4433
U_2341,5803
U_3585,3360
U_4136,6624
U_9278,7203
U_9576,4810
U_10721,2326
U_11889,5035
U_11920,5041
U_15231,3832
U_15332,5254
U_18103,5465
U_25990,5934
U_27604,6030
U_36092,6575
U_39169,3373
U_46306,6686
U_49357,6729
U_59674,6848
U_78156,6995
U_81228,4702
U_85131,7104
U_85314,7105
U_91846,7196
U_96376,2861
U_98444,7265
U_103324,4870
U_105445,3665
U_108110,4937
U_112228,4991
U_117307,5022
U_123630,5082
U_138973,2973
U_161728,3876
U_163864,5364
U_164464,3887
U_165961,3890
U_184254,3944
U_192684,5525
U_204391,5601
U_205820,5610
U_239383,5825
U_259987,5936
U_279524,6048
U_282980,4238
U_294533,6171
U_304303,6282
U_304328,6302
U_304339,6311
U_306199,6339
U_306948,6345
U_317276,6414
U_317491,4377
U_317732,2632
U_68,6913
U_2252,4068
U_8918,7146
U_10426,4888
U_13526,5150
U_25517,2547
U_38241,6603
U_41529,6626
U_59815,6850
U_68826,3491
U_80640,7024
U_81400,4703
U_90866,7183
U_98688,4835
U_99207,7280
U_103283,4869
U_104566,4894
U_121847,5064
U_123644,5083
U_125391,5095
U_134433,5144
U_136695,5156
U_153480,5255
U_164286,5373
U_177189,5446
U_182083,5468
U_190801,3962
U_200327,5571
U_215584,5699
U_221170,5733
U_221613,5738
U_229784,5787
U_238258,5818
U_262154,5948
U_262654,4173
U_265626,5969
U_298428,6206
U_300730,2609
U_303352,6235
U_304316,6294
U_308284,6354
U_318748,6441
U_326901,6498
U_10159,4857
U_15471,5260
U_24363,5850
U_65723,6901
U_114840,5010
U_170116,5408
U_182280,3059
U_194914,5540
U_205776,5609
U_279262,4224
U_290074,6111
U_304139,6261
U_304200,6263
U_304310,6289
U_3173,6415
U_11185,4989
U_26138,5942
U_32715,6501
U_44812,7295
U_294899,6180
U_96919,2866
U_133575,260
U_24,180
U_514,1207
U_528,6775
U_1052,37
U_1361,549
U_1418,1123
U_1761,3922
U_1953,3083
U_2518,4134
U_2545,1769
U_2628,5951
U_2789,6043
U_3167,1804
U_3428,525
U_3608,2166
U_4426,4494
U_4486,1576
U_4566,2185
U_4792,3407
U_4973,945
U_4992,480
U_5213,298
U_5221,4548
U_6089,6869
U_6141,1076
U_7256,3495
U_8046,1081
U_9735,4824
U_10007,3617
U_10312,2316
U_10431,1645
U_11737,355
U_11835,5029
U_11904,70
U_12036,546
U_12097,2359
U_13243,380
U_14970,5231
U_15010,223
U_15120,5245
U_15873,2405
U_17575,5432
U_18433,2018
U_20395,43
U_20421,2480
U_21114,5643
U_21852,3118
U_21853,1498
U_21975,5724
U_22504,3123
U_23877,3147
U_24021,810
U_24939,2533
U_25515,5899
U_25942,5930
U_26404,5958
U_26436,3189
U_26472,4179
U_27401,2576
U_27568,273
U_28218,29
U_29191,1039
U_30640,6341
U_32057,1811
U_33830,1560
U_34831,1339
U_34988,1340
U_35034,1829
U_35281,26
U_36061,3361
U_36232,936
U_36449,1833
U_37638,2674
U_37660,937
U_38258,197
U_38375,832
U_38416,1567
U_38434,1568
U_39974,1345
U_41291,4477
U_41436,4478
U_41788,4483
U_42565,2688
U_42669,36
U_42806,1842
U_42975,4489
U_43418,681
U_44090,2181
U_44480,1575
U_46651,4504
U_47161,2187
U_47392,28
U_48439,528
U_48876,6717
U_49244,2705
U_49748,1206
U_50579,73
U_50780,2710
U_51374,6758
U_51910,3424
U_52769,684
U_53032,451
U_53295,2198
U_53646,2719
U_54278,160
U_54614,2203
U_55721,12
U_56034,1595
U_56510,685
U_56997,1071
U_57003,6810
U_37749,3366
U_43620,6657
U_54148,1066
U_57177,6811
U_57395,1598
U_58335,2730
U_58634,4586
U_58778,2733
U_59469,2213
U_59643,198
U_59912,1868
U_59924,1601
U_60111,20
U_60202,2742
U_60971,686
U_61390,3465
U_62026,1602
U_62479,3470
U_62525,1871
U_62975,4615
U_64039,178
U_65344,2235
U_65957,4637
U_66390,52
U_66928,2236
U_67809,954
U_68042,688
U_68417,1376
U_68595,1377
U_68615,275
U_68959,1880
U_68998,1079
U_69851,2243
U_73548,6951
U_74052,351
U_74535,3500
U_75962,3501
U_76499,3502
U_77391,2785
U_78088,3507
U_79090,1382
U_79914,423
U_79988,2253
U_80019,1614
U_80173,2798
U_81175,7032
U_81465,98
U_81595,7050
U_82004,538
U_82104,1897
U_82218,3529
U_82240,332
U_82619,115
U_82781,693
U_83497,7071
U_84050,7083
U_84350,7090
U_84610,7096
U_85076,1232
U_85341,7107
U_85411,2817
U_86209,4738
U_86316,4741
U_86566,695
U_89305,2831
U_89860,696
U_90637,4774
U_91011,2846
U_91046,2278
U_91780,774
U_91856,4788
U_92361,1235
U_92415,4790
U_92446,540
U_93434,491
U_94277,2285
U_94323,1236
U_95262,1627
U_95307,1405
U_95336,2288
U_95343,206
U_95608,974
U_95738,1408
U_96232,3601
U_96253,1630
U_96447,1631
U_96458,2862
U_97102,1634
U_99556,1096
U_99843,3616
U_99996,1241
U_100140,779
U_102374,865
U_102406,1244
U_102428,981
U_102516,1420
U_102991,4867
U_103453,1245
U_104471,1246
U_105681,985
U_106852,782
U_107591,1107
U_107862,251
U_107884,1429
U_108534,118
U_108869,2329
U_109732,643
U_110686,1659
U_111104,644
U_112241,544
U_115246,3714
U_115257,2343
U_115323,2936
U_116188,404
U_120326,1439
U_125615,2364
U_129962,5113
U_132339,2965
U_133105,647
U_133481,504
U_134028,3775
U_134357,3776
U_137320,877
U_137998,3785
U_138027,878
U_139900,648
U_141751,3793
U_142604,2381
U_143918,2383
U_149342,94
U_149457,125
U_153348,1268
U_155582,5273
U_157549,153
U_157804,3006
U_158489,1706
U_159296,382
U_159832,5326
U_159993,5331
U_161352,793
U_164183,3886
U_166728,3026
U_167373,5386
U_167534,551
U_168084,887
U_169160,2429
U_169165,1464
U_170065,2003
U_176993,889
U_177031,3926
U_181490,892
U_187027,3945
U_187031,5485
U_188218,2446
U_190372,241
U_190974,3963
U_191656,5520
U_192650,1736
U_193657,3077
U_194975,3081
U_195870,3980
U_195891,5546
U_197162,5560
U_197329,3087
U_197746,1740
U_198578,5565
U_202787,4003
U_203688,5593
U_203836,1744
U_204340,5600
U_204594,5604
U_206428,1493
U_208142,4018
U_208402,1495
U_210104,465
U_211752,5645
U_211996,899
U_213201,4038
U_213628,2042
U_216176,5706
U_216893,2498
U_217445,1292
U_218590,1146
U_219202,5719
U_220664,4058
U_220669,5729
U_221626,253
U_221629,902
U_221966,903
U_225811,3125
U_226456,1295
U_226747,1506
U_227061,344
U_230632,1755
U_231954,2517
U_234851,3144
U_234900,2059
U_241556,1515
U_242671,3154
U_244380,1026
U_247701,410
U_248380,1765
U_251064,4131
U_252529,728
U_252893,5885
U_252906,437
U_253369,1518
U_254768,1519
U_256204,4152
U_262783,1161
U_264653,3192
U_265623,5968
U_265869,3197
U_266751,1524
U_266823,2563
U_267015,5986
U_268790,412
U_269100,5995
U_272323,1780
U_272451,1309
U_275008,913
U_275531,518
U_275539,347
U_277490,3218
U_280198,1528
U_280840,117
U_280956,1786
U_281961,6059
U_282074,4233
U_282229,3226
U_283596,1313
U_286773,1531
U_287732,1532
U_288628,413
U_288935,818
U_289675,6105
U_290147,663
U_292504,2109
U_294504,6155
U_294570,6176
U_294900,2110
U_296819,229
U_298456,1317
U_298467,6207
U_299325,3258
U_300822,2117
U_301154,2118
U_301625,1173
U_304313,6291
U_304315,6293
U_304318,6296
U_304350,6316
U_309703,1043
U_311296,308
U_312036,6374
U_312705,132
U_315569,1803
U_315616,473
U_315619,1546
U_316107,2130
U_317034,1046
U_317068,6411
U_317234,2629
U_317719,168
U_317752,823
U_317839,671
U_318856,6448
U_320571,617
U_321597,2640
U_322786,1552
U_322809,1553
U_324275,1815
U_325716,4404
U_326116,4406
U_327862,2153
U_328437,1187
U_331746,931
U_332235,1557
U_1257,1679
U_1420,5187
U_1553,2395
U_1837,5476
U_1929,2454
U_2035,5590
U_2862,4248
U_3079,1799
U_4491,2183
U_5324,3429
U_6368,2232
U_6543,6899
U_9435,7221
U_9555,1407
U_9682,2293
U_10118,4853
U_10269,2314
U_13729,3782
U_14467,2384
U_14756,1001
U_14941,3824
U_15859,3859
U_17596,1726
U_17693,3925
U_18236,2016
U_18287,5474
U_18327,1472
U_18646,5480
U_23108,3137
U_26053,2558
U_28177,817
U_29029,4260
U_30103,4309
U_30692,4329
U_32230,4397
U_32313,4400
U_32382,4401
U_33721,3354
U_34261,6552
U_35105,4445
U_35336,6565
U_35522,4450
U_36128,6576
U_36135,2672
U_38110,4466
U_38194,3368
U_44407,6665
U_47832,4513
U_47891,6703
U_49373,6732
U_49388,4534
U_49406,4535
U_49553,3419
U_49567,2190
U_54334,6785
U_51537,4544
U_58249,4584
U_59768,3454
U_59866,3457
U_60040,6858
U_60593,6862
U_62220,4610
U_65862,1219
U_66502,4642
U_67837,6910
U_68928,6922
U_70091,4659
U_75072,6966
U_80062,850
U_80247,1894
U_80251,7020
U_80934,7028
U_81135,4701
U_86568,2267
U_88282,7137
U_90802,4776
U_91228,4784
U_93334,4796
U_94077,4801
U_94907,4807
U_95552,7234
U_96499,1917
U_96873,1919
U_98282,7262
U_99770,2302
U_100060,4844
U_104006,1102
U_105491,4903
U_106836,3682
U_106986,4925
U_108462,4946
U_109869,1657
U_114204,431
U_118072,3729
U_122335,3746
U_124398,3754
U_125397,5096
U_129869,5112
U_134825,548
U_136600,2375
U_136760,5157
U_137612,5161
U_138112,2972
U_140931,5183
U_143076,3797
U_146646,3809
U_146927,5210
U_154038,3835
U_155465,2396
U_156309,5278
U_156541,5286
U_158816,1986
U_159336,1128
U_159845,1990
U_161738,5349
U_163751,5362
U_164063,3023
U_164154,5369
U_164374,1716
U_166044,1459
U_167458,5388
U_170259,5410
U_182488,5470
U_190093,5504
U_190101,3960
U_191084,5515
U_192179,3073
U_193332,5530
U_193873,2027
U_201007,5574
U_205785,4012
U_206422,4013
U_209068,4024
U_209906,2491
U_211474,1496
U_212407,4036
U_213154,5662
U_213155,5663
U_213702,4040
U_214052,5690
U_217060,5709
U_217223,4047
U_224562,607
U_226590,2511
U_227007,5763
U_227261,5766
U_227712,2515
U_228406,2054
U_229055,5782
U_232844,4092
U_235510,5814
U_243119,5848
U_243153,2063
U_251464,3168
U_252074,4138
U_252786,2545
U_258812,3181
U_264982,5964
U_272742,6013
U_279658,3224
U_281580,916
U_284889,2097
U_285646,6084
U_286497,6086
U_289279,6102
U_292382,4269
U_292913,6128
U_296946,6187
U_297616,3255
U_298157,6202
U_298363,1172
U_299968,6216
U_300395,3260
U_301051,3264
U_304325,6300
U_304360,6322
U_306183,6338
U_311047,4341
U_311232,6367
U_312990,6380
U_320030,2141
U_325649,6482
U_330570,3340
U_331288,6526
U_331895,3344
U_332279,2659
U_332498,6537
U_333444,3350
U_274,3210
U_1184,3731
U_1276,2367
U_5187,4546
U_6668,4643
U_10323,2892
U_10332,2317
U_11922,3735
U_13354,5140
U_22721,5765
U_26355,5955
U_28596,6085
U_38886,1344
U_39447,3376
U_40864,1346
U_41275,3380
U_46277,6684
U_47700,6697
U_51704,6759
U_53243,3430
U_57645,6826
U_60297,4602
U_60938,3464
U_61365,4606
U_63970,2755
U_77178,6980
U_77193,4678
U_78051,6990
U_82021,2806
U_83346,2808
U_89868,7157
U_89873,7158
U_89882,3563
U_90025,970
U_90168,4768
U_91155,3575
U_91165,7190
U_91897,3579
U_94145,7218
U_94463,2854
U_95643,3597
U_96173,2860
U_96540,4818
U_97180,7254
U_98047,4828
U_98641,7270
U_98947,7276
U_100289,3621
U_101542,4856
U_102402,3635
U_102699,3639
U_104610,3656
U_105695,3669
U_106214,3674
U_106313,3676
U_107171,3683
U_107892,4933
U_114363,1941
U_116912,645
U_121347,3742
U_123550,2955
U_125388,3760
U_130293,5117
U_136771,5158
U_137160,5159
U_141612,5186
U_150569,5237
U_156308,1270
U_156321,5279
U_159319,1127
U_159396,3010
U_159994,5332
U_161669,5346
U_163710,1458
U_165384,3024
U_169134,5398
U_170723,3032
U_177062,5445
U_179312,3934
U_186382,3065
U_190517,2023
U_190696,5511
U_91319,4785
U_168885,5397
U_40288,6615
U_203164,5589
U_208283,5624
U_208323,5626
U_212967,2041
U_215392,4043
U_217787,4053
U_218513,3117
U_221414,5735
U_221572,4060
U_231055,3136
U_236861,4097
U_246390,5861
U_253141,5889
U_257557,4154
U_257985,5914
U_260857,4168
U_261931,5945
U_272541,4197
U_277669,4219
U_279541,6049
U_282228,6064
U_294491,6150
U_294516,6162
U_294538,6173
U_298755,4296
U_299336,3259
U_303314,6233
U_304361,6323
U_314050,6388
U_317235,2630
U_317995,2633
U_326477,3328
U_329669,6512
U_413,6623
U_835,2809
U_5188,4547
U_5467,3436
U_6252,6880
U_9747,3607
U_12542,2362
U_24902,5867
U_32714,6500
U_33678,2661
U_38483,6606
U_44082,4493
U_47326,4511
U_47929,4515
U_49408,2707
U_50459,6748
U_51357,4539
U_52019,6764
U_58942,4587
U_59367,4589
U_60314,6860
U_67926,6912
U_71500,6939
U_74548,4669
U_84638,7098
U_93674,4800
U_95318,7231
U_98526,7267
U_113810,3707
U_116375,5020
U_118886,5034
U_121800,5063
U_127457,5100
U_128045,5106
U_134858,2968
U_141560,5185
U_187613,5488
U_190037,2022
U_190656,5509
U_196199,3982
U_196603,2463
U_202148,4001
U_213148,5660
U_213150,5661
U_228214,4084
U_228403,5774
U_234345,5806
U_240316,4103
U_240465,5829
U_247276,3160
U_257999,4159
U_258894,4161
U_259017,4162
U_269719,5999
U_277911,3219
U_304284,6270
U_304348,4319
U_311971,4346
U_315577,4362
U_315787,6403
U_317305,6416
U_318782,3306
U_318883,6449
U_321386,6458
U_327879,4415
U_1965,5553
U_2826,4237
U_14462,5200
U_17308,3917
U_20245,5582
U_25242,5881
U_29661,2604
U_37811,6598
U_54321,4555
U_37748,4464
U_64067,6891
U_70422,6933
U_70655,4660
U_81096,7031
U_81816,7057
U_90765,7177
U_91268,7193
U_107358,4929
U_108302,3686
U_118794,3733
U_138081,5169
U_146059,2984
U_155202,5267
U_160230,3012
U_163760,5363
U_186363,5479
U_190110,5507
U_195772,5543
U_201168,5575
U_202571,4002
U_213192,5673
U_213212,5679
U_257976,5913
U_275889,6029
U_290403,4261
U_294473,6139
U_294511,6159
U_294518,6164
U_298047,4292
U_304336,6309
U_304410,4320
U_307903,6350
U_318577,6433
U_318859,4390
U_327839,4414
U_332114,6533
U_437,6659
U_3817,6601
U_5100,6753
U_15832,5301
U_21190,4034
U_41816,6635
U_44282,4495
U_46417,6688
U_52000,6763
U_46106,6682
U_58397,6831
U_60086,4601
U_81553,7045
U_94529,7222
U_108864,4953
U_119418,5044
U_122257,5070
U_131528,5125
U_133746,5142
U_146801,3813
U_158202,5299
U_159611,5323
U_176438,5441
U_180763,5463
U_194342,5537
U_208693,4022
U_210027,5634
U_220005,5727
U_254253,5893
U_267455,5990
U_317057,6409
U_10930,4959
U_11400,5001
U_14818,5222
U_17796,5453
U_33620,6546
U_57458,6821
U_117827,3727
U_118606,5031
U_159848,5327
U_165744,5378
U_202467,5584
U_233377,4094
U_258702,5923
U_281231,6057
U_294918,6181
U_304335,6308
U_26974,6000
U_35047,6559
U_42524,6645
U_79856,3512
U_99761,4841
U_107955,4935
U_108003,4936
U_133258,7288
U_203668,5592
U_299077,6211
U_161794,2417
U_280792,6055
U_189,557
U_219,1294
U_464,1848
U_796,256
U_817,331
U_1165,194
U_1356,3781
U_1461,1448
U_1481,462
U_1748,1724
U_1868,5481
U_2059,605
U_2255,5752
U_2338,2521
U_2452,345
U_2980,307
U_3179,1808
U_3345,6545
U_3403,97
U_3755,4462
U_3850,833
U_4816,6709
U_4995,1589
U_5034,530
U_5804,4581
U_5930,951
U_5973,191
U_7551,6970
U_7685,6977
U_7786,2790
U_7808,959
U_7903,7004
U_8090,2801
U_8465,2814
U_8558,1393
U_8702,3555
U_9260,7201
U_9942,2874
U_10424,3653
U_10669,496
U_11732,137
U_11768,3725
U_11863,357
U_12562,995
U_12579,1957
U_12602,2366
U_13108,1681
U_13530,5152
U_14667,3810
U_14999,5232
U_15335,2995
U_16100,3872
U_16132,5343
U_16365,601
U_16717,1998
U_17031,651
U_17532,2013
U_17679,240
U_20287,138
U_20315,6
U_20400,512
U_20985,5630
U_21300,1145
U_24450,725
U_24953,5868
U_25190,4135
U_25211,411
U_25323,323
U_25532,729
U_25615,1772
U_25987,4166
U_27313,734
U_27457,3211
U_29140,919
U_29184,4267
U_29978,1538
U_31614,415
U_31636,6405
U_32152,6459
U_33303,2155
U_33989,1338
U_34289,1192
U_34976,1563
U_34989,1828
U_35057,2667
U_35492,2668
U_35676,1194
U_35831,2165
U_35980,1832
U_36034,1564
U_36063,2670
U_37635,6593
U_37651,2675
U_37666,14
U_37914,620
U_38126,2170
U_38627,170
U_39939,1570
U_39992,834
U_41212,113
U_42401,1841
U_42560,144
U_42577,6648
U_42771,1572
U_43015,527
U_44107,754
U_44712,942
U_45418,755
U_45565,3389
U_46314,2186
U_46486,2694
U_47258,1582
U_47489,6693
U_48024,4516
U_48258,4522
U_49275,6726
U_50118,3420
U_51954,2712
U_53015,4551
U_53501,4552
U_54615,482
U_54788,2721
U_55499,6792
U_55744,1070
U_55819,839
U_56026,531
U_56590,6804
U_25555,1770
U_57338,3446
U_57641,4577
U_58165,949
U_58364,1213
U_58899,3453
U_59358,114
U_59921,399
U_60786,760
U_63381,2753
U_64020,4624
U_64297,1875
U_65194,534
U_65783,2762
U_66169,1877
U_67454,843
U_67779,6908
U_67787,2767
U_67995,486
U_68272,2769
U_69274,764
U_69707,2772
U_69787,1378
U_69881,1379
U_71709,957
U_72056,4662
U_72456,635
U_72913,3497
U_74549,6958
U_74578,1225
U_74938,2247
U_77527,2249
U_77590,6981
U_78142,2793
U_80011,1893
U_80169,768
U_80621,7023
U_81120,2258
U_81146,2260
U_81485,489
U_81572,7047
U_81731,3525
U_82093,1386
U_82227,7062
U_82350,1230
U_82352,234
U_83747,1900
U_84028,7081
U_84856,3541
U_84955,174
U_85350,2816
U_86092,158
U_86240,1395
U_87193,2824
U_87204,1904
U_88691,539
U_88716,968
U_90224,1398
U_90419,698
U_90702,1399
U_90818,858
U_91042,2277
U_91104,972
U_92209,2282
U_92411,7199
U_92486,2848
U_92537,1912
U_92538,7200
U_92964,1624
U_93590,3584
U_93894,1402
U_94227,80
U_94662,2856
U_95702,2290
U_97912,1414
U_99147,3613
U_99225,2872
U_99648,104
U_99725,277
U_99781,2880
U_100066,1638
U_100089,1921
U_100291,2881
U_102605,639
U_102780,983
U_103437,2894
U_105492,867
U_105688,1425
U_105715,3670
U_106497,379
U_107046,2911
U_108466,641
U_108895,1256
U_109917,252
U_109918,783
U_109940,1109
U_110021,3692
U_110552,1432
U_112408,2339
U_112772,2341
U_113595,1666
U_114492,5003
U_115338,705
U_115739,2348
U_116058,1942
U_117948,237
U_119656,3737
U_120576,2951
U_126005,2365
U_128351,1959
U_130860,2963
U_134152,1443
U_134664,5147
U_135490,3780
U_137965,1445
U_139390,5176
U_141000,1446
U_141279,119
U_144754,5201
U_147590,1002
U_148360,317
U_149615,1267
U_150565,3826
U_151131,5244
U_151218,2992
U_154743,1699
U_156390,1703
U_156396,1003
U_156559,3848
U_156625,1455
U_157504,506
U_157767,2399
U_158168,5298
U_159298,3009
U_159322,3863
U_159358,5317
U_161562,3874
U_161677,5347
U_161896,1992
U_162249,1711
U_162332,1993
U_163074,5355
U_163925,649
U_164418,106
U_168024,5392
U_168569,1999
U_170112,2006
U_170443,888
U_170610,509
U_176982,3052
U_180477,891
U_182792,3060
U_187342,555
U_187696,1276
U_190531,2024
U_191640,49
U_191646,2025
U_194361,3976
U_195047,359
U_195990,1485
U_196301,3085
U_199714,3997
U_200682,802
U_201472,2032
U_203819,408
U_203858,5598
U_204722,141
U_207083,2488
U_207250,62
U_209903,1289
U_213124,5655
U_213189,5672
U_213725,1749
U_213983,514
U_214349,433
U_217224,4048
U_217229,1290
U_217618,900
U_218221,722
U_218811,1753
U_218928,5718
U_221418,5736
U_224656,5750
U_225505,5753
U_226766,2512
U_230463,1511
U_230541,32
U_238857,5824
U_240406,2529
U_241271,2060
U_241424,1760
U_247181,5863
U_250748,389
U_250948,4128
U_251275,5875
U_253880,2546
U_254710,468
U_254913,4148
U_255297,3175
U_257892,2552
U_258010,730
U_258223,3178
U_258540,3179
U_258584,5921
U_258889,5926
U_264390,3190
U_264736,2561
U_265798,2078
U_266854,4187
U_270035,3204
U_270080,2567
U_271741,187
U_272298,4193
U_272348,4196
U_277158,3216
U_277760,914
U_279169,6045
U_282733,3227
U_283774,4241
U_286665,2589
U_287444,2099
U_287879,1788
U_288658,6098
U_289974,3235
U_290552,2104
U_291614,3238
U_292595,6124
U_292627,131
U_293673,4274
U_293715,6130
U_294514,1171
U_296461,1040
U_298825,6209
U_299212,572
U_300696,4307
U_301089,1796
U_301173,2119
U_301363,1541
U_302711,521
U_303065,6232
U_304044,1797
U_304051,922
U_304314,6292
U_304326,6301
U_306829,742
U_308076,6353
U_311162,1800
U_312893,669
U_314864,4358
U_314997,926
U_315548,4361
U_315575,1044
U_315646,2129
U_317734,670
U_317797,4380
U_318550,2635
U_318598,2137
U_318806,2139
U_318821,1183
U_318864,1328
U_319118,4393
U_319750,6455
U_325794,1331
U_326939,2649
U_327625,2652
U_327739,3333
U_327747,58
U_330057,3338
U_330099,4419
U_330619,2654
U_330692,6524
U_332147,2657
U_333987,1559
U_150,5233
U_271,6005
U_777,6985
U_1064,986
U_1691,2001
U_2506,3167
U_3673,6580
U_3717,448
U_3763,6592
U_8634,3551
U_8668,3553
U_8873,3560
U_10052,4848
U_10074,4851
U_10077,3625
U_10557,4904
U_11766,1946
U_11931,5043
U_13022,5116
U_13477,5149
U_16118,1005
U_17570,1725
U_17695,5444
U_20432,3103
U_21138,4032
U_22634,2510
U_24233,5836
U_25243,2542
U_25248,2543
U_25512,5898
U_26508,5965
U_27920,4222
U_30512,3274
U_30681,6342
U_31720,6412
U_31794,4382
U_32312,6473
U_33756,1191
U_34828,1193
U_37280,3363
U_38425,4471
U_39122,6608
U_40040,2681
U_41684,3381
U_42931,6651
U_45914,3390
U_47149,1581
U_47498,2698
U_47899,4514
U_49189,4528
U_49385,3416
U_49530,3418
U_52106,6765
U_52744,4549
U_53392,6778
U_54978,4566
U_55607,6796
U_55624,1359
U_56858,2725
U_58823,6837
U_58858,1600
U_59497,1075
U_59629,1216
U_59652,1867
U_59711,4593
U_59775,4594
U_60060,2741
U_61857,1369
U_62632,4611
U_63750,6885
U_68183,1222
U_70378,6932
U_74418,6956
U_74457,2781
U_77815,1890
U_78432,6998
U_78603,3510
U_80718,2257
U_81672,2805
U_82397,4719
U_82820,7067
U_83886,3534
U_83902,4726
U_84041,7082
U_84118,4728
U_84217,2263
U_84620,1618
U_86763,7123
U_90871,4778
U_91049,7187
U_91496,4786
U_94079,7216
U_94177,2852
U_101477,3628
U_102030,3629
U_102430,982
U_102533,4861
U_103503,2895
U_103540,4874
U_103686,3646
U_104298,2899
U_104358,3654
U_104768,4898
U_106479,4914
U_106577,4917
U_106755,2909
U_109747,1656
U_109831,2333
U_110533,3696
U_116623,1257
U_120312,5054
U_122271,5071
U_123823,3751
U_124563,3755
U_124587,3756
U_125337,3759
U_134569,5145
U_138184,1969
U_139398,1263
U_143612,3799
U_147330,3817
U_154214,1698
U_156349,714
U_156853,3003
U_157314,5291
U_163206,1712
U_165789,3888
U_167854,406
U_170013,2430
U_170845,2433
U_172305,5420
U_173302,1722
U_173668,3040
U_175230,5428
U_176072,5435
U_178071,5454
U_179231,1273
U_180756,5462
U_187515,3947
U_191096,5516
U_191870,5521
U_192696,5526
U_193540,5533
U_193645,2456
U_197436,2028
U_203124,2471
U_203838,3099
U_204584,5603
U_206782,2037
U_213204,5678
U_215309,2496
U_216735,2045
U_217265,4049
U_225382,4070
U_226846,4079
U_228619,3133
U_229176,1509
U_234527,2523
U_238114,2528
U_239125,4100
U_241585,5832
U_241888,3152
U_249812,3165
U_249913,2534
U_256924,5909
U_258485,5919
U_259372,3182
U_260897,5940
U_263389,4176
U_263798,5956
U_265437,4183
U_273544,6015
U_274188,6021
U_278656,661
U_280423,4229
U_289567,2102
U_289671,6104
U_290070,6110
U_290112,4258
U_290638,6115
U_294661,6178
U_294707,6179
U_297614,6197
U_299006,3257
U_299643,6214
U_299753,6215
U_300763,3262
U_300795,3263
U_304087,4316
U_304329,6303
U_304621,6325
U_305098,3272
U_306990,1175
U_311281,668
U_312904,6379
U_313371,1802
U_315640,6401
U_317319,2133
U_317507,6417
U_317659,6418
U_318556,6432
U_318558,4386
U_318939,4391
U_319062,2140
U_322529,4398
U_322768,3320
U_324686,2147
U_325710,2149
U_325762,1554
U_326408,4409
U_326854,4412
U_332270,7294
U_1472,3815
U_1596,5322
U_2808,4230
U_5083,6752
U_9561,3595
U_10257,2313
U_10967,1655
U_14915,5228
U_14921,2386
U_26810,5994
U_29138,6119
U_31295,4350
U_34868,3358
U_37602,6590
U_42501,1349
U_42651,6649
U_44183,6663
U_48159,6708
U_48901,4526
U_49035,6719
U_52199,6767
U_55580,6793
U_59283,6844
U_60615,4603
U_62625,6883
U_62658,4612
U_69480,4655
U_77314,1889
U_78066,4683
U_80140,4697
U_81425,3522
U_82454,3531
U_84670,4731
U_86311,2820
U_86852,7125
U_87212,4744
U_90900,3573
U_96242,7238
U_96885,7249
U_99542,2875
U_103916,7285
U_104564,4893
U_106792,4921
U_108260,2916
U_110318,870
U_111403,1664
U_112500,1665
U_112626,1940
U_124039,5088
U_128775,3762
U_130294,5118
U_140491,2377
U_146267,1974
U_146733,1125
U_148041,3819
U_149128,3822
U_154857,2998
U_154961,5263
U_159680,1989
U_159908,5329
U_162180,5351
U_165588,5377
U_169164,3028
U_170454,2432
U_172303,5419
U_175123,2012
U_176086,5436
U_177414,3927
U_185382,2019
U_187198,3946
U_187520,3948
U_188283,3951
U_189151,5495
U_159376,5320
U_74172,4667
U_203728,2475
U_205847,3106
U_210298,5639
U_213215,5682
U_213219,5684
U_216064,5704
U_217276,4051
U_219931,2046
U_223150,4063
U_226696,5760
U_229051,5780
U_234665,5809
U_242704,5844
U_247633,2068
U_251271,5874
U_257171,2551
U_257956,1522
U_265884,5975
U_266493,2079
U_266853,5982
U_269462,1779
U_273627,6017
U_278596,2093
U_292079,1793
U_294476,6141
U_294502,3247
U_296790,3252
U_297089,4286
U_298374,6204
U_298608,4295
U_304123,6257
U_304307,6286
U_304330,6304
U_305712,2121
U_306086,6335
U_310376,2125
U_311911,6371
U_313442,4354
U_314416,6389
U_317838,1047
U_318602,6436
U_318703,3303
U_321971,6465
U_328420,4416
U_331664,6529
U_3701,4457
U_3865,2679
U_8960,4764
U_13986,3790
U_14732,3816
U_17626,5438
U_24517,4118
U_24659,5862
U_29577,4283
U_30087,2610
U_30520,4323
U_35969,6571
U_37278,6586
U_44472,3388
U_46652,4505
U_47366,2697
U_50721,6750
U_51508,4542
U_51524,2194
U_57307,6813
U_57769,6827
U_58283,3452
U_59830,4596
U_76026,6975
U_80484,3515
U_85653,7111
U_90418,7165
U_90764,7176
U_94574,7225
U_106912,4923
U_109042,4957
U_110272,4969
U_111286,4982
U_114409,5002
U_115274,5013
U_120335,2356
U_131350,5122
U_143322,5195
U_143514,3798
U_154899,3838
U_155568,3841
U_160086,3870
U_163383,3019
U_170426,3905
U_173682,5424
U_180331,5459
U_181399,3058
U_193681,3078
U_204643,5605
U_212297,5647
U_213128,5656
U_217073,3115
U_222566,5742
U_231164,5794
U_238602,5823
U_265125,5966
U_275167,4208
U_277175,4217
U_283148,6069
U_288761,6099
U_290622,3237
U_304107,6253
U_304120,6256
U_304297,6277
U_309091,3285
U_309434,4337
U_311300,4342
U_311893,4345
U_313876,6387
U_317266,4375
U_318528,1810
U_318776,6442
U_322595,6469
U_326302,6488
U_977,7259
U_1323,2964
U_5625,6801
U_8269,7066
U_12016,5051
U_17694,5443
U_20295,5587
U_26512,4181
U_29028,4259
U_30117,6226
U_35250,4447
U_42205,6641
U_42381,4486
U_49513,6738
U_54608,6786
U_58605,6833
U_58635,6834
U_61060,6872
U_62360,6878
U_63006,6884
U_64471,3477
U_72831,6945
U_79509,7013
U_82897,7068
U_84169,7086
U_89556,4763
U_91052,7188
U_91287,7194
U_93214,4795
U_108499,4947
U_114668,5007
U_117756,5024
U_119063,5038
U_135430,3779
U_144491,3802
U_152783,5248
U_155296,3840
U_159301,1987
U_159344,5315
U_170963,5415
U_171142,3911
U_192720,3969
U_202477,5585
U_216047,5703
U_228374,5773
U_289193,6101
U_294526,6167
U_294535,6172
U_300656,6220
U_304074,6247
U_308465,6355
U_314792,4357
U_318584,6434
U_326730,6496
U_327809,6506
U_330640,3341
U_10062,4849
U_11829,5028
U_15067,5240
U_33533,3353
U_33968,4436
U_39859,6613
U_42336,4485
U_49191,6725
U_58941,6840
U_67882,7298
U_68941,2770
U_78115,6993
U_80654,7026
U_90300,7164
U_95486,4809
U_96450,4816
U_110640,4970
U_120332,5056
U_120377,3739
U_131295,5121
U_149195,5229
U_163269,2420
U_168039,5393
U_170024,5403
U_190014,3068
U_191592,5519
U_213182,5669
U_239865,5826
U_240693,5830
U_280738,6054
U_304040,6243
U_304356,6321
U_313613,6384
U_330858,3342
U_12834,5107
U_42527,6646
U_43783,6661
U_51662,3423
U_52257,6768
U_81329,7037
U_84453,7092
U_86839,7124
U_88590,4753
U_123807,5085
U_161246,5340
U_165993,5379
U_166825,5382
U_252041,5878
U_273562,6016
U_276300,6033
U_312230,6376
U_332325,4427
U_35037,6558
U_78526,6999
U_121985,5067
U_155229,5268
U_41542,4481
U_69,2239
U_105,315
U_112,124
U_129,3765
U_172,552
U_230,3135
U_234,4095
U_463,3397
U_972,4822
U_1163,5019
U_1539,2996
U_1551,2393
U_1603,1457
U_1663,3892
U_1758,122
U_2058,3105
U_2097,5629
U_2301,4088
U_2393,1152
U_2704,2084
U_3424,6551
U_3480,4444
U_3509,135
U_4154,2175
U_4367,578
U_4728,370
U_4865,4525
U_5049,1355
U_5176,1591
U_5375,4554
U_7460,536
U_7650,41
U_7957,537
U_8014,767
U_8125,2802
U_8635,2821
U_8672,7122
U_9012,4767
U_9787,4826
U_10299,4866
U_10525,1248
U_10537,984
U_11203,543
U_11731,0
U_11834,2944
U_12669,164
U_13146,2369
U_13157,5126
U_13402,1683
U_14255,879
U_14765,71
U_15398,1452
U_17171,5417
U_17574,3048
U_17630,1727
U_17637,5440
U_17719,796
U_20365,2472
U_20775,3109
U_21045,3110
U_22333,1020
U_22471,608
U_22632,16
U_22901,5779
U_23121,227
U_23517,1021
U_23997,3149
U_24290,296
U_25197,4136
U_25406,438
U_26416,658
U_26459,815
U_26479,3194
U_27004,6001
U_27087,1525
U_27611,3213
U_27866,4221
U_29854,740
U_32261,6470
U_32264,4399
U_32399,444
U_32433,575
U_33907,524
U_33930,4435
U_33954,1826
U_34308,3355
U_34496,1561
U_35001,749
U_36038,6573
U_36109,1060
U_36639,619
U_37726,6596
U_38356,1343
U_38376,3370
U_40004,2680
U_40610,6618
U_40782,213
U_42439,369
U_43132,6654
U_43749,204
U_43800,2180
U_44362,327
U_44429,6667
U_44455,941
U_45300,1578
U_45688,232
U_46290,3395
U_46695,944
U_47024,1580
U_47198,4509
U_47262,328
U_47341,1849
U_47479,582
U_47647,682
U_48975,1354
U_49380,756
U_49413,6734
U_49528,6739
U_50399,1590
U_50920,4538
U_52378,1853
U_52498,398
U_52591,1065
U_53033,1855
U_54326,3434
U_55377,1208
U_56312,3440
U_54683,2720
U_57240,1072
U_57263,1596
U_57320,6814
U_57477,2727
U_57563,2728
U_57931,483
U_57955,2729
U_58302,4585
U_59655,2215
U_59833,3456
U_60829,586
U_60988,79
U_61366,2221
U_61761,2224
U_62127,6877
U_62247,3469
U_62604,6882
U_63183,1373
U_63239,64
U_63660,3475
U_64054,3476
U_65164,763
U_65256,687
U_65324,4634
U_65454,3481
U_66022,2764
U_66311,6904
U_66916,4644
U_67537,6906
U_67803,4645
U_67814,4646
U_69154,2240
U_69469,2242
U_69634,2771
U_72813,6944
U_72825,2776
U_73344,847
U_75596,2783
U_75648,6972
U_76384,372
U_77494,2248
U_77604,6982
U_78056,2791
U_78532,2251
U_78623,4688
U_79813,4696
U_79884,766
U_80035,2255
U_80568,961
U_81025,301
U_81286,3518
U_82061,4714
U_82271,963
U_82838,374
U_83789,1084
U_84528,267
U_84872,4732
U_85823,7112
U_88302,4751
U_88746,1397
U_89457,969
U_89458,95
U_89588,2270
U_89624,2833
U_90231,7162
U_90292,7163
U_90450,3566
U_90782,1909
U_90912,1234
U_90997,1088
U_91105,7189
U_91434,2280
U_91513,3576
U_91778,3577
U_92619,7202
U_92805,293
U_92936,1401
U_93129,775
U_93209,4794
U_93495,352
U_93676,3585
U_94274,2853
U_94414,860
U_96183,4812
U_97098,2294
U_97123,1411
U_98008,2868
U_98511,3612
U_98523,4831
U_99579,863
U_100092,1922
U_100321,2305
U_100838,4852
U_100880,105
U_101596,1243
U_102078,3630
U_102577,4862
U_102639,258
U_103201,3641
U_104105,4886
U_104346,1103
U_104763,3657
U_104950,4901
U_104996,1423
U_106046,1251
U_106657,640
U_106665,3678
U_106992,250
U_106995,988
U_107140,542
U_108319,990
U_108418,4941
U_108477,428
U_108581,1654
U_109279,4958
U_110482,2925
U_110510,3695
U_110763,1661
U_110864,430
U_110896,1110
U_110966,2334
U_111282,4981
U_111340,4983
U_113716,2933
U_114675,1113
U_115434,706
U_115440,3716
U_116650,873
U_116722,1945
U_116901,405
U_116908,3722
U_118032,1115
U_119289,5042
U_119707,787
U_121554,3744
U_123275,2954
U_125308,5094
U_132111,5131
U_132163,341
U_132591,3771
U_134764,5148
U_136343,876
U_137873,3784
U_140538,269
U_143976,1687
U_146601,710
U_150599,505
U_150774,5241
U_153999,1978
U_154768,3836
U_154898,5262
U_155711,5274
U_156304,2397
U_156337,1981
U_156373,2398
U_156426,1704
U_157805,3855
U_158917,2406
U_161804,2418
U_164998,508
U_167403,2428
U_168507,5396
U_169274,1130
U_171708,1466
U_173169,1721
U_175462,1132
U_175704,3047
U_180753,797
U_181509,602
U_186774,2020
U_188278,3950
U_188897,3066
U_188905,1476
U_189954,1477
U_190267,799
U_190763,42
U_192241,5523
U_192760,895
U_193065,1737
U_194097,3080
U_195868,5545
U_196668,360
U_196776,559
U_196832,1140
U_196890,5556
U_199153,654
U_199224,3992
U_199860,896
U_200628,319
U_201474,655
U_203854,1284
U_204616,4007
U_205846,1143
U_206758,1144
U_206978,4017
U_207177,10
U_208090,5621
U_208474,2489
U_208690,4021
U_212531,4037
U_215370,721
U_218379,1293
U_218844,4057
U_219247,5721
U_220003,5726
U_220844,4059
U_220903,5731
U_221947,3121
U_223398,2508
U_225518,86
U_225890,5757
U_225912,561
U_228013,808
U_231246,321
U_232929,1512
U_233964,130
U_244145,5854
U_244857,726
U_245832,2067
U_247960,3162
U_249650,3164
U_250143,4126
U_250750,1029
U_251650,2540
U_254994,4149
U_257209,2072
U_259857,3183
U_263612,814
U_265721,5972
U_266701,2080
U_267828,732
U_271699,3208
U_272315,2571
U_275880,6028
U_276246,6032
U_276438,1164
U_276718,3215
U_277546,4218
U_278066,4220
U_278430,2091
U_279269,2580
U_279908,1784
U_280284,2583
U_280737,1785
U_281818,3225
U_283225,1530
U_283806,613
U_286911,2590
U_288307,1789
U_288714,1790
U_289175,819
U_289440,662
U_290385,1167
U_290822,39
U_292585,4270
U_293993,3243
U_295456,2603
U_296677,920
U_297111,4287
U_297130,1041
U_297209,2605
U_298430,441
U_299775,2116
U_300692,4306
U_302682,2611
U_303573,3266
U_303689,6241
U_304300,6279
U_304351,6317
U_304761,2615
U_305480,6330
U_305648,6332
U_306628,243
U_306847,3281
U_314925,4360
U_317052,1179
U_317755,6422
U_317817,6424
U_317829,1325
U_317844,6426
U_317933,6428
U_322293,3318
U_325019,6480
U_326244,4407
U_326516,3329
U_326533,2645
U_326635,826
U_326898,1818
U_327149,367
U_327661,1819
U_329724,6515
U_330642,6523
U_332134,230
U_332551,674
U_333150,477
U_333793,2156
U_333816,6544
U_334006,289
U_185,2444
U_1070,1428
U_1206,2358
U_1439,3801
U_3445,4441
U_4604,6681
U_5879,6836
U_6137,2749
U_6589,3483
U_6919,6923
U_6948,765
U_7075,2244
U_7845,3509
U_7947,4694
U_8396,966
U_8861,4754
U_9418,4803
U_9717,7253
U_11126,4979
U_12137,1258
U_12606,5098
U_14574,3805
U_15041,2991
U_15488,3837
U_15969,2410
U_16129,2413
U_17220,3914
U_21859,806
U_22154,5737
U_22580,5756
U_24563,1763
U_25275,5884
U_25363,908
U_28336,2585
U_29195,6122
U_30016,6218
U_31324,4352
U_31834,2634
U_33820,6548
U_38123,1199
U_38280,4468
U_38500,6607
U_41551,6629
U_42080,4484
U_46296,6685
U_47662,6696
U_48036,1351
U_48141,2701
U_48143,4518
U_49259,1851
U_50124,6743
U_50128,6744
U_56069,583
U_57329,1597
U_57337,6815
U_58830,6838
U_59266,1214
U_59660,6847
U_59877,4597
U_61598,629
U_62608,3472
U_65134,633
U_66861,3487
U_69706,6926
U_72065,4663
U_73152,6947
U_79830,1613
U_81567,7046
U_81590,7049
U_83501,2810
U_84202,2811
U_84256,7087
U_85356,4734
U_85374,7108
U_88046,856
U_88612,3559
U_88937,2830
U_90195,697
U_90325,2838
U_90607,7172
U_90901,2843
U_92604,3580
U_93195,4793
U_95037,3592
U_95644,2859
U_96440,7245
U_98699,7273
U_99837,1097
U_100829,1924
U_101152,2885
U_102392,3634
U_102571,2888
U_103347,1101
U_103695,3647
U_103959,4883
U_105607,4906
U_106013,1932
U_106826,1934
U_107329,2914
U_108180,1935
U_108437,4942
U_108438,4943
U_112494,3705
U_114104,3709
U_116688,1669
U_116762,2940
U_116978,3723
U_117932,2942
U_119430,3736
U_120321,2950
U_121242,2952
U_128914,3763
U_128955,3764
U_130312,3767
U_137977,1968
U_138734,3788
U_142575,1000
U_145875,5205
U_145894,5206
U_147719,1694
U_149204,1976
U_149524,3825
U_152520,5247
U_153491,1451
U_154853,713
U_154994,2999
U_155920,5276
U_156343,3847
U_157955,3856
U_159317,5311
U_159374,5319
U_160235,882
U_161637,5344
U_162538,5353
U_163211,5359
U_163771,2421
U_163772,3883
U_164071,5368
U_164273,2424
U_165445,5376
U_170451,5412
U_170466,5413
U_173698,3041
U_177556,3054
U_178044,3056
U_184109,1731
U_190060,5502
U_190063,1734
U_192367,5524
U_192450,3075
U_193669,3974
U_194999,2458
U_195860,5544
U_195874,3981
U_199803,3092
U_200974,4000
U_202436,5580
U_203667,4005
U_205681,3104
U_205935,5611
U_213078,5652
U_220111,3119
U_221415,2506
U_222629,3122
U_225527,5754
U_226537,4074
U_227565,5768
U_228238,4085
U_229744,5786
U_231318,3138
U_231368,4090
U_238472,5821
U_240545,563
U_241490,4107
U_250042,5870
U_250740,907
U_251097,4132
U_257588,2073
U_258139,5916
U_260727,3186
U_268121,1308
U_270256,611
U_272322,2572
U_274647,1526
U_274922,4207
U_277352,1311
U_277482,3217
U_278506,1166
U_279564,2581
U_282225,4236
U_284428,6077
U_285954,4247
U_288496,6094
U_288573,6095
U_288654,6097
U_290025,1534
U_293154,6129
U_294000,6133
U_294204,6134
U_294472,6138
U_294528,6168
U_297229,2606
U_304027,3268
U_305184,3275
U_311542,4344
U_314448,6390
U_315541,6397
U_318728,3304
U_318829,1050
U_326494,6493
U_327927,6507
U_330877,6525
U_331399,1056
U_576,4576
U_783,4686
U_1061,4911
U_4675,4507
U_5792,6829
U_7943,7010
U_9900,7279
U_11406,2934
U_14117,3792
U_14614,2985
U_18695,5484
U_18782,5490
U_20480,5608
U_25278,2544
U_27135,6006
U_28317,6070
U_29383,4276
U_31990,3315
U_35111,6560
U_36756,6582
U_37645,4463
U_47645,6695
U_48762,6716
U_49330,6728
U_49382,4532
U_54139,1859
U_54954,4564
U_55151,2722
U_55598,6795
U_56965,6809
U_59216,2736
U_59736,2217
U_60155,6859
U_61849,4608
U_65178,6896
U_77748,6986
U_79480,7011
U_82140,4716
U_86553,7120
U_88944,7143
U_90192,7161
U_90233,2837
U_90295,3564
U_90795,7178
U_94412,3590
U_94457,4804
U_100782,3626
U_105415,3664
U_105622,4907
U_105963,3671
U_106290,4913
U_106431,1253
U_108028,3685
U_111147,3697
U_114084,3708
U_119004,5037
U_127458,2959
U_138024,3786
U_141067,2977
U_142458,3795
U_153704,3834
U_155186,5266
U_155212,3839
U_155278,3000
U_156307,3002
U_159280,5308
U_159326,5312
U_168619,2000
U_170083,5407
U_170509,3031
U_172010,2009
U_174183,3042
U_180765,5464
U_188782,3952
U_124191,5091
U_137859,5163
U_196474,5552
U_205324,2483
U_208609,5628
U_211040,2493
U_212539,5648
U_213217,5683
U_215267,5694
U_215296,5697
U_217948,5713
U_224272,4065
U_233950,2522
U_242007,3153
U_248691,4123
U_255182,5900
U_266735,4186
U_271185,4191
U_272346,6012
U_277266,1782
U_284371,4242
U_288645,2592
U_294469,6136
U_303357,1174
U_304283,6269
U_304324,6299
U_309299,6357
U_312184,6375
U_312436,6377
U_317802,3300
U_318576,4387
U_319578,6453
U_326094,4405
U_326794,3330
U_332168,2658
U_2474,5864
U_3205,4394
U_7953,4695
U_9867,7271
U_10845,3687
U_10871,4949
U_18159,5466
U_21777,5712
U_25231,4139
U_26608,2562
U_28061,2584
U_40015,6614
U_49183,6723
U_51494,4541
U_54086,6783
U_55310,3437
U_59032,6841
U_66431,3486
U_74553,4670
U_78043,6989
U_78184,6996
U_81404,7039
U_81577,7048
U_81660,4707
U_81792,3527
U_82346,4718
U_82360,7063
U_83550,7072
U_84275,7089
U_90836,4777
U_93564,7211
U_96869,7248
U_99394,4839
U_100485,979
U_106491,2325
U_108897,4955
U_109295,2331
U_111633,4987
U_114636,5006
U_120262,5053
U_122210,3745
U_130649,1680
U_131772,3769
U_140938,5184
U_144164,5198
U_146871,5209
U_159378,2409
U_168157,5394
U_188274,2447
U_200357,5572
U_209987,5632
U_211062,5642
U_215289,5696
U_216887,4045
U_227372,7291
U_251705,5877
U_252890,4142
U_257919,4157
U_267768,5992
U_287785,2591
U_294499,3246
U_294926,1535
U_298408,2608
U_304305,6284
U_305917,6333
U_311043,6364
U_317499,3296
U_318794,2638
U_203,5588
U_7491,6964
U_8874,7141
U_11187,2929
U_15230,3831
U_15880,3008
U_17650,2438
U_18992,2021
U_24262,5840
U_25145,5876
U_25878,5924
U_39113,4473
U_55695,6798
U_56216,4569
U_61236,6873
U_62691,1872
U_63588,3474
U_68694,4651
U_72179,6943
U_77607,6983
U_78149,6994
U_84617,7097
U_96164,7236
U_98628,7268
U_102122,4859
U_103494,3642
U_104841,4899
U_105466,4902
U_110200,2923
U_111238,4977
U_115290,5014
U_121316,5061
U_123672,3750
U_135487,5153
U_158680,5304
U_159362,3866
U_159626,5324
U_165396,5375
U_177838,5451
U_199422,5568
U_204754,5607
U_212762,5650
U_221025,5732
U_223676,5749
U_227093,4081
U_262147,5947
U_266111,5977
U_275589,4210
U_294465,2600
U_304320,6297
U_305610,6331
U_306202,3280
U_311523,6368
U_318789,3307
U_320899,6456
U_327784,6505
U_151,5242
U_3132,6382
U_4982,6741
U_18230,5469
U_23489,5812
U_25782,4156
U_27316,4200
U_30362,6239
U_36717,6579
U_38476,3371
U_42677,6650
U_52274,6769
U_55616,4568
U_81726,7056
U_87305,7128
U_94131,4802
U_102876,4864
U_119000,5036
U_199443,3091
U_206682,4014
U_216566,5707
U_217266,4050
U_229902,5788
U_243910,5851
U_245600,4120
U_254746,3174
U_262311,5950
U_270741,3205
U_278599,6040
U_287720,6092
U_294477,4280
U_297091,6190
U_304311,6290
U_14325,5194
U_25864,4160
U_48245,6711
U_48605,6713
U_58685,6835
U_60058,4600
U_79882,7015
U_91862,7197
U_97415,7257
U_98477,7266
U_123656,5084
U_280345,6053
U_315588,6399
U_317062,6410
U_318525,6430
U_1694,7289
U_37048,4458
U_79145,7008
U_84151,7085
U_98639,7269
U_170,3901
U_198,801
U_670,255
U_1071,1105
U_1819,652
U_1826,155
U_1830,3941
U_1863,2445
U_2281,5772
U_2300,1510
U_2561,2549
U_3007,4308
U_3112,50
U_3478,2160
U_3508,2161
U_3607,2671
U_3633,3362
U_3652,202
U_3851,3372
U_3866,677
U_4243,326
U_4436,4497
U_4576,4500
U_4831,1585
U_4847,626
U_5182,6761
U_5686,1209
U_6355,1604
U_6453,2233
U_6531,1607
U_7335,2779
U_7667,2784
U_7747,2786
U_7759,2788
U_8705,1085
U_9542,1406
U_9719,492
U_10051,3622
U_10226,3632
U_10364,1644
U_11638,1944
U_11667,502
U_11736,1114
U_11895,1437
U_12039,2357
U_12644,3761
U_12829,1958
U_13771,7
U_14489,22
U_14808,1975
U_17721,2439
U_17754,3928
U_17768,3929
U_20329,1743
U_22245,5741
U_22677,385
U_23164,5796
U_23649,2525
U_24226,1023
U_24682,3159
U_25265,1154
U_25326,4146
U_26140,4169
U_26467,3193
U_26897,2565
U_27830,2090
U_28987,6107
U_29217,2108
U_29297,108
U_29552,1536
U_31287,182
U_31788,1548
U_31831,1049
U_31882,1182
U_32341,2144
U_32652,825
U_33917,297
U_33996,17
U_34531,112
U_35233,231
U_35376,4448
U_35401,1831
U_36066,6574
U_36240,368
U_36748,1835
U_38112,27
U_38171,6602
U_38479,938
U_38845,1569
U_39038,1838
U_39306,622
U_40386,6617
U_41876,6638
U_42074,1348
U_42461,151
U_42839,680
U_43021,2179
U_43835,395
U_46366,6687
U_46655,2695
U_47637,2699
U_48073,419
U_48186,4520
U_49159,1587
U_50084,757
U_50432,6747
U_50539,3421
U_51118,2193
U_52326,159
U_52398,2715
U_52913,59
U_53677,2201
U_54138,838
U_54644,4559
U_54695,6787
U_54736,177
U_43214,1573
U_54607,4558
U_57417,1864
U_57425,6820
U_58965,1865
U_59529,1215
U_60022,2218
U_60028,4599
U_60268,2743
U_60455,3461
U_60941,2745
U_61098,2220
U_61311,761
U_61818,2750
U_63273,4618
U_64021,588
U_64135,1606
U_64965,1077
U_65328,1608
U_66416,85
U_66473,4640
U_66597,842
U_68684,4650
U_69106,3492
U_73854,3499
U_73996,6952
U_74067,2246
U_74638,848
U_74703,4671
U_77258,173
U_77309,4679
U_78404,691
U_78746,2795
U_78823,1612
U_78844,4691
U_79127,4693
U_79794,960
U_79862,2797
U_80932,1895
U_81177,1384
U_81369,7038
U_81457,7042
U_81585,962
U_81600,3524
U_81767,9
U_82166,1229
U_82388,1616
U_82843,4720
U_83477,7070
U_83495,1387
U_83869,7079
U_83989,7080
U_85031,3544
U_86119,2818
U_86321,7117
U_86333,1903
U_86443,591
U_87277,4746
U_87492,771
U_87717,1086
U_87745,7133
U_87940,3556
U_88471,2828
U_88573,3558
U_88601,2269
U_89060,403
U_89480,1907
U_90451,3567
U_90603,3570
U_90618,857
U_90806,7179
U_91108,140
U_91330,454
U_91847,3578
U_91892,2281
U_92654,424
U_93154,7207
U_93268,338
U_93586,2284
U_93871,102
U_94089,3587
U_95450,3593
U_95475,235
U_95541,1238
U_95612,1629
U_95676,3598
U_96041,1092
U_96473,103
U_96596,7247
U_98056,1094
U_98430,1095
U_98655,217
U_99201,2871
U_99296,4838
U_99370,1636
U_99572,3615
U_99589,1637
U_99720,2878
U_99722,200
U_99731,456
U_99746,179
U_100090,218
U_100841,2882
U_101613,781
U_102344,4860
U_102496,3637
U_102550,866
U_102618,24
U_103026,1641
U_103741,3648
U_103881,3651
U_104510,281
U_104907,3658
U_105559,3667
U_105661,2906
U_105725,1250
U_106092,1933
U_106654,2908
U_107010,2910
U_108384,1936
U_108454,4945
U_110497,3694
U_110585,1433
U_111154,1434
U_111328,872
U_111568,221
U_112253,283
U_112488,2340
U_112498,4994
U_113356,4997
U_113444,93
U_113726,598
U_114607,5005
U_114629,209
U_114651,3712
U_115327,2345
U_115402,2937
U_115893,501
U_118675,1674
U_119687,786
U_119691,1952
U_119778,1438
U_119849,5049
U_122272,5072
U_122278,5073
U_123133,239
U_125812,1259
U_126038,996
U_129477,5111
U_132110,5130
U_133573,5141
U_138055,599
U_138940,3789
U_142449,5190
U_143702,2382
U_146106,1692
U_146763,3812
U_147042,5211
U_147083,5212
U_148016,5220
U_154676,5259
U_156514,5285
U_159472,3867
U_159885,1991
U_160932,342
U_161650,5345
U_163606,885
U_163860,1714
U_166076,1271
U_166907,1460
U_167017,1461
U_167382,550
U_167461,5391
U_170054,5406
U_170111,2005
U_170568,1720
U_170670,3908
U_171307,3035
U_173655,3039
U_175297,2436
U_177382,154
U_177387,57
U_182753,893
U_186740,1474
U_188580,556
U_190011,5498
U_190020,5499
U_190068,1478
U_190103,5506
U_190664,1137
U_191228,5517
U_191385,1277
U_194308,1738
U_194686,5538
U_196321,3086
U_199563,2467
U_200281,2469
U_200622,1281
U_203649,5591
U_206212,3107
U_208297,513
U_211524,185
U_213134,5657
U_214518,2043
U_217271,1291
U_217818,2502
U_222464,72
U_225061,82
U_225699,3124
U_226562,2051
U_226592,1503
U_226787,4075
U_227706,1508
U_228983,5778
U_231895,4091
U_234474,5807
U_237904,4098
U_239368,96
U_239848,1759
U_247055,467
U_247404,3161
U_247514,4122
U_247760,1764
U_248122,2069
U_248370,388
U_252567,436
U_253050,5887
U_253835,811
U_255859,1521
U_257349,5912
U_257539,156
U_257572,390
U_258919,1157
U_260544,1158
U_261258,1774
U_262204,5949
U_263342,4175
U_263494,5954
U_264338,1162
U_266729,5981
U_266759,362
U_266885,3198
U_266918,5984
U_269360,5997
U_272452,3209
U_273922,4203
U_275949,1310
U_276439,4214
U_277552,263
U_278135,6039
U_278439,1527
U_279333,4225
U_282010,1036
U_282129,4234
U_283549,2095
U_285229,1037
U_285475,391
U_288400,4254
U_288618,737
U_289777,2595
U_289944,288
U_290088,3236
U_292217,3240
U_293131,1169
U_294632,274
U_296317,2112
U_297075,6189
U_298446,1316
U_301191,6228
U_301700,4312
U_302009,6229
U_304082,6249
U_304280,6267
U_304309,6288
U_304332,6306
U_304345,615
U_304756,2614
U_304968,4322
U_306526,4327
U_307182,1321
U_307404,6347
U_311901,6370
U_312760,2619
U_314795,365
U_315893,2624
U_316465,4369
U_317032,4373
U_317696,3297
U_318752,4388
U_318906,1184
U_318975,6451
U_319817,927
U_320579,1052
U_321914,6463
U_325893,3327
U_326426,1817
U_326906,1555
U_326930,1186
U_327040,210
U_328258,157
U_331911,1334
U_332522,1558
U_333131,254
U_333777,3351
U_333836,417
U_53,2197
U_146,1973
U_153,3833
U_382,4467
U_1193,1117
U_1604,3871
U_1613,3015
U_2123,4035
U_2157,2044
U_2444,4116
U_2905,1792
U_3160,4367
U_3930,2173
U_4645,4502
U_4790,3406
U_5064,2709
U_5431,1593
U_5720,3444
U_7176,6941
U_8838,4752
U_9219,4789
U_10442,2901
U_11128,1939
U_11685,2941
U_13318,3772
U_16934,3899
U_19558,3978
U_24164,3151
U_24244,4111
U_24477,5857
U_25499,909
U_25978,5933
U_27374,4201
U_27847,3220
U_27865,6042
U_28488,6082
U_28879,6100
U_29177,2105
U_31497,6394
U_32370,3323
U_34784,4442
U_34896,2663
U_35333,6564
U_35555,6566
U_35640,4452
U_36227,2673
U_37075,4459
U_37603,1195
U_37757,752
U_38595,2171
U_39289,3374
U_40049,940
U_41631,1347
U_44428,1846
U_45182,2184
U_46675,580
U_47387,1584
U_47877,6701
U_49279,3414
U_50755,6751
U_51781,2195
U_54050,6781
U_54584,1069
U_54746,4561
U_57021,1363
U_57408,4572
U_57421,6818
U_60621,3462
U_60959,953
U_64863,4630
U_66428,4639
U_68380,4649
U_68719,6918
U_74524,4668
U_77516,3503
U_78755,2796
U_80061,7018
U_81222,3517
U_84090,4727
U_84409,694
U_84668,2266
U_86187,2819
U_88938,4759
U_89925,7159
U_90598,7171
U_90616,971
U_90733,2272
U_90826,7180
U_93097,3581
U_94862,1404
U_95176,2857
U_95610,2289
U_95683,3599
U_96445,3603
U_96962,7250
U_102376,1419
U_102435,3636
U_103374,2318
U_103792,2322
U_106049,1650
U_106705,1427
U_106775,1651
U_108919,4956
U_109263,2919
U_110948,4975
U_111210,1662
U_113293,2932
U_115415,5016
U_116966,5021
U_119182,2947
U_119751,1118
U_120137,5050
U_122514,5074
U_124094,5090
U_132428,1961
U_133506,2372
U_140400,5180
U_146052,3806
U_147532,5217
U_148072,1695
U_152901,2994
U_154749,2391
U_155902,5275
U_156173,3001
U_156330,5281
U_156428,1454
U_156597,5288
U_157968,3857
U_159335,1707
U_159961,2411
U_170480,3907
U_172614,1131
U_176141,5437
U_179290,1470
U_181978,5467
U_182551,5471
U_184154,554
U_190032,2449
U_190033,3958
U_190100,5505
U_192854,3076
U_195907,1484
U_197110,3985
U_197720,5561
U_200504,1488
U_200845,3093
U_204942,4009
U_205773,4011
U_207111,5618
U_208259,4019
U_210150,4027
U_213168,5666
U_217149,2501
U_225668,4071
U_226630,1504
U_229270,4087
U_235083,3146
U_239853,3148
U_241973,4109
U_242871,4112
U_249937,3166
U_264591,5960
U_269027,2083
U_272342,4195
U_273753,2575
U_282217,6062
U_284350,6075
U_288925,2594
U_293253,3242
U_297181,6192
U_298101,2115
U_304064,3270
U_304127,6258
U_304724,1320
U_305065,3271
U_307604,4332
U_311648,3287
U_311710,6369
U_312028,6372
U_312087,4347
U_315522,6395
U_315554,743
U_315954,4366
U_316615,4370
U_317633,1806
U_318194,1549
U_318978,6452
U_326489,6492
U_326820,4411
U_327710,6504
U_328891,6508
U_329288,1822
U_329681,6513
U_332340,3347
U_333860,1825
U_159,5307
U_299,6210
U_1583,5300
U_3213,1812
U_3744,6589
U_5451,4556
U_6825,6916
U_7434,6953
U_7908,7006
U_8209,7061
U_9978,2303
U_11101,2336
U_12155,992
U_14519,1689
U_25403,3173
U_25944,5931
U_26486,3196
U_26712,5988
U_26797,3201
U_27602,4211
U_28673,3233
U_29546,6185
U_31326,6383
U_32858,4417
U_38021,6600
U_38069,3367
U_42127,6640
U_43769,6660
U_46010,6680
U_47945,6705
U_49250,2188
U_49309,4531
U_49378,2706
U_49403,6733
U_50942,3422
U_56152,3438
U_57696,3449
U_58582,6832
U_60756,6867
U_66500,4641
U_74636,6961
U_77801,4680
U_79100,7007
U_80003,7016
U_80030,2254
U_80937,7029
U_81378,3521
U_81530,7044
U_81669,7054
U_82372,7064
U_86070,7114
U_92179,1911
U_94102,3588
U_95549,7233
U_97501,3608
U_99773,4842
U_109772,4961
U_116076,2349
U_117747,5023
U_120232,5052
U_122194,5069
U_124852,3757
U_127567,5102
U_133267,5137
U_137496,5160
U_137984,5165
U_150368,5235
U_159330,5313
U_159984,2412
U_160639,5335
U_161210,5339
U_167303,5384
U_167451,5387
U_170230,3904
U_170476,3906
U_183525,5475
U_193424,5532
U_33024,4420
U_198138,3989
U_203685,2473
U_203765,3097
U_206437,5613
U_224832,4066
U_231527,5795
U_233320,2057
U_236529,4096
U_240328,5828
U_241704,5833
U_242992,5846
U_243432,5849
U_246320,5860
U_252544,4141
U_255206,5901
U_259816,4165
U_264372,4178
U_266831,1777
U_267057,3199
U_272325,2573
U_274302,4205
U_278099,816
U_282227,6063
U_284445,6078
U_284549,6079
U_291366,6118
U_293866,6132
U_294523,6165
U_297138,2113
U_297184,3253
U_300374,4303
U_300676,4305
U_301190,6227
U_306769,4328
U_310224,6362
U_318534,6431
U_318542,2136
U_318585,6435
U_319065,2639
U_329188,6510
U_330463,4422
U_922,7198
U_1957,2461
U_2641,5959
U_4036,6616
U_5492,4563
U_7026,6931
U_8508,4733
U_9314,7206
U_10252,2887
U_14369,3800
U_18338,3942
U_23414,5805
U_29475,3248
U_35816,6567
U_39504,3377
U_41288,6622
U_42045,6639
U_42787,3384
U_47228,3403
U_47388,6692
U_50300,4537
U_51362,6757
U_54591,4557
U_55640,6797
U_45923,2692
U_57467,6823
U_74543,6957
U_78401,3508
U_78889,7003
U_79892,3513
U_83717,7077
U_86264,4739
U_87653,7132
U_87748,4749
U_90678,7174
U_90894,4779
U_93999,7212
U_103552,4876
U_104284,2898
U_104933,3660
U_118940,2946
U_124061,5089
U_134434,2374
U_159370,5318
U_169596,5400
U_171119,5416
U_188885,5494
U_195654,5542
U_206846,5617
U_208420,4020
U_208426,5627
U_209086,4025
U_213135,5658
U_222750,5743
U_232279,5799
U_273673,6018
U_284366,6076
U_294531,6170
U_295422,6184
U_296645,4284
U_297234,6195
U_299226,4297
U_300546,6219
U_306907,6344
U_312678,6378
U_313739,6385
U_326447,6490
U_332216,6535
U_786,7000
U_1073,2913
U_4178,6634
U_9009,7160
U_12909,5109
U_14727,5213
U_17753,3053
U_49036,6720
U_51950,6762
U_65310,6898
U_68088,6914
U_69861,4657
U_80870,7027
U_81315,7035
U_84471,3539
U_84952,7102
U_87314,7129
U_88242,7136
U_95295,4808
U_96244,4814
U_103637,3643
U_111271,4980
U_115318,2344
U_116262,3719
U_134473,3778
U_142285,5188
U_160816,5336
U_163702,5361
U_174377,5426
U_203012,3094
U_208288,5625
U_213162,5664
U_226634,3127
U_226981,4080
U_232039,5798
U_249830,5869
U_250766,4127
U_263634,4177
U_267865,5993
U_277727,6037
U_284542,2587
U_294500,6153
U_295215,6183
U_304337,6310
U_312743,4349
U_318702,6440
U_321790,6461
U_321923,6464
U_1205,5058
U_4712,3401
U_7719,4677
U_14306,5193
U_14845,3821
U_16329,5360
U_25038,2536
U_25225,2070
U_35862,6568
U_43680,6658
U_45027,2691
U_50254,6746
U_77727,3504
U_81477,4705
U_85852,7113
U_92842,4792
U_111479,3700
U_121922,5065
U_153821,5256
U_161338,3873
U_172063,5418
U_173623,5423
U_203750,5596
U_213589,4039
U_219433,5722
U_286900,4251
U_297213,6193
U_297219,6194
U_298173,6203
U_299669,4300
U_304354,6320
U_315528,6396
U_318805,4389
U_329672,4418
U_243,5847
U_5559,6794
U_6508,7297
U_26137,5941
U_34985,6557
U_37669,6595
U_41850,6636
U_58900,6839
U_63908,6888
U_64784,6894
U_84917,3542
U_112504,4995
U_114823,5009
U_156328,5280
U_175323,5430
U_196192,5549
U_213187,5671
U_234482,5808
U_282128,6060
U_294481,6145
U_330464,6521
U_54229,6784
U_56588,6803
U_102902,4865
U_242070,5835
U_192,1138
U_197,1739
U_469,4508
U_818,4709
U_964,2292
U_981,976
U_1236,3749
U_1325,1962
U_1572,3851
U_1626,149
U_1684,1008
U_1735,1723
U_1935,3972
U_2617,910
U_2730,228
U_2744,2577
U_3145,4355
U_3217,366
U_4081,6620
U_4164,6630
U_4232,2686
U_4757,6694
U_5424,1067
U_5551,1861
U_6064,2219
U_6203,484
U_6214,762
U_6284,1873
U_6409,1874
U_6799,634
U_7180,6942
U_7382,3498
U_7956,7014
U_8025,692
U_8235,1899
U_8659,770
U_9036,772
U_11093,4974
U_11202,3702
U_11725,785
U_11748,356
U_11869,1675
U_12046,503
U_12054,1955
U_12414,2956
U_12587,460
U_13210,788
U_13493,1444
U_14746,1126
U_16986,5401
U_17711,383
U_17857,305
U_18296,798
U_20026,2468
U_20310,4004
U_23318,4093
U_24275,33
U_24441,78
U_24512,2532
U_25207,4137
U_25237,4140
U_25253,5882
U_25301,4143
U_25552,1032
U_25846,1156
U_26067,1159
U_26184,196
U_26460,5961
U_27285,45
U_27306,612
U_28813,201
U_29170,4266
U_29441,665
U_30342,2120
U_30419,2613
U_30626,189
U_31460,4356
U_31914,3310
U_32083,3316
U_32398,2145
U_32569,672
U_33165,1189
U_33526,446
U_33610,30
U_33790,2157
U_34063,290
U_34327,4440
U_34520,1827
U_35096,1830
U_35099,2162
U_35212,830
U_35688,935
U_36122,418
U_36930,6584
U_37962,1197
U_38441,6605
U_40636,6619
U_41533,6628
U_41915,2685
U_42760,625
U_42803,2178
U_44205,31
U_44971,6674
U_46279,1202
U_48784,35
U_49358,6730
U_51793,837
U_52015,3425
U_52194,2714
U_54849,1860
U_55719,2723
U_56313,1862
U_56739,4571
U_44771,6669
U_49500,2189
U_57386,3447
U_57419,2209
U_60101,183
U_60391,3460
U_60392,585
U_61786,3466
U_63068,631
U_63395,452
U_63958,6889
U_64374,4627
U_64916,400
U_65021,1218
U_65326,4635
U_65405,1876
U_65444,47
U_65718,2761
U_66304,2766
U_67836,350
U_69505,453
U_69587,845
U_69635,422
U_69689,487
U_70356,2773
U_70600,6935
U_73701,4665
U_75609,1885
U_76868,6978
U_77589,2787
U_78619,2794
U_78643,291
U_79998,25
U_80007,636
U_80327,4699
U_81130,2259
U_81180,7033
U_81194,3516
U_81281,1896
U_81751,3526
U_82150,2807
U_82868,66
U_83786,7078
U_83870,4725
U_84240,1388
U_85355,3546
U_86134,3549
U_86591,91
U_88398,2827
U_88517,7139
U_89263,7149
U_89319,7150
U_89881,1621
U_90257,1622
U_90941,7186
U_90942,1910
U_93250,776
U_93893,3586
U_94015,21
U_94038,1403
U_94140,1091
U_94163,276
U_94409,249
U_94568,7224
U_94912,973
U_95584,3594
U_97039,975
U_97278,1412
U_97875,2296
U_97963,638
U_98445,216
U_98463,3611
U_99756,123
U_99871,427
U_100096,1242
U_100195,89
U_100241,1923
U_100306,593
U_100716,3624
U_101266,1418
U_102877,2315
U_103116,1926
U_103448,1928
U_104524,702
U_105507,1931
U_105511,378
U_105593,1249
U_106501,3677
U_106739,3679
U_107196,1652
U_107818,1254
U_108501,2918
U_109113,642
U_109736,1108
U_109753,869
U_110078,1658
U_110835,429
U_111740,1111
U_111961,1112
U_112214,4990
U_114405,3710
U_114555,3711
U_114789,236
U_115264,499
U_115432,2347
U_117189,3724
U_117294,874
U_117912,1949
U_117944,1950
U_119186,1116
U_119598,1951
U_119768,1953
U_130314,5119
U_132482,1682
U_137966,709
U_138071,5167
U_139033,1262
U_139059,461
U_141854,2378
U_142258,2379
U_144297,2981
U_148619,1266
U_148890,295
U_149351,5230
U_150568,5236
U_154831,1700
U_156591,5287
U_157753,3005
U_159306,1456
U_159977,5330
U_161419,284
U_161692,2415
U_163448,1995
U_163766,3882
U_165819,3025
U_166312,795
U_166854,5383
U_167909,1463
U_170078,1719
U_170500,2007
U_173376,2011
U_177021,304
U_177724,553
U_177881,3055
U_179863,890
U_181493,3936
U_181765,3937
U_182295,1471
U_182701,1136
U_183463,3061
U_188181,1732
U_189690,166
U_190325,175
U_190332,603
U_191036,1481
U_191899,3072
U_192394,1735
U_192729,5527
U_193593,2026
U_195594,2460
U_196357,3983
U_197711,3986
U_197889,3988
U_199589,3996
U_200370,2031
U_200693,5573
U_203794,5597
U_203809,2477
U_204928,2482
U_206390,1
U_208120,5622
U_208260,1019
U_208282,803
U_209105,2490
U_209114,1747
U_210200,5638
U_210882,4031
U_210892,1748
U_213195,5674
U_215050,804
U_216913,3114
U_218096,3116
U_218424,1752
U_229029,4086
U_229268,1150
U_230391,2055
U_231098,1756
U_231127,905
U_231943,517
U_232434,5801
U_233811,1300
U_238541,4099
U_239390,186
U_239419,4102
U_241552,434
U_242928,5845
U_243284,110
U_243572,4114
U_248233,306
U_251661,567
U_251704,262
U_252167,5879
U_255622,4151
U_256198,5905
U_256600,5907
U_257167,5910
U_257954,568
U_258575,3180
U_260406,3185
U_264969,4180
U_266767,659
U_267886,2082
U_268623,1778
U_269083,150
U_272340,6011
U_274643,2087
U_276556,3214
U_278861,440
U_279845,915
U_281433,87
U_283830,6072
U_283881,6073
U_288694,2593
U_289572,1533
U_290093,1791
U_292443,472
U_292727,6125
U_292821,6127
U_293287,570
U_293710,4275
U_294498,6152
U_294691,666
U_295257,3249
U_295417,109
U_296309,3251
U_297099,614
U_298390,1795
U_298426,4294
U_300783,6223
U_301176,1540
U_302254,667
U_302878,1542
U_304102,6252
U_304969,616
U_305711,4325
U_306309,53
U_306419,364
U_306878,3282
U_308018,6351
U_311316,90
U_311339,393
U_311663,2618
U_315581,1544
U_316650,744
U_317264,1547
U_317301,1805
U_317764,3298
U_318023,1809
U_318201,1048
U_318564,443
U_318712,2138
U_318781,6443
U_318861,1327
U_319365,475
U_321856,18
U_322745,3319
U_324156,1053
U_324701,81
U_325074,83
U_326428,416
U_326925,929
U_327687,3332
U_327746,1820
U_328056,211
U_331082,3343
U_331867,6530
U_331910,3345
U_332137,827
U_332180,932
U_332512,4428
U_333643,1824
U_300,4302
U_412,2683
U_531,6777
U_1627,5354
U_1722,3913
U_2060,1287
U_4844,1850
U_5220,1357
U_5362,2200
U_6097,2747
U_6187,2751
U_6343,4620
U_6369,4621
U_6396,1605
U_6592,2763
U_6776,6907
U_7813,4684
U_8759,4748
U_9043,7166
U_9466,7226
U_9897,7278
U_11071,1660
U_12152,3743
U_13987,1970
U_14710,2987
U_14984,1450
U_15545,1702
U_20370,2474
U_20403,1018
U_21020,4028
U_21775,5711
U_23048,5791
U_25303,4144
U_25346,1767
U_25870,5922
U_26031,3184
U_26046,2075
U_29004,6109
U_29165,6120
U_32252,6468
U_33334,1337
U_34036,4438
U_35176,4446
U_38225,3369
U_41438,2174
U_41535,4480
U_41823,3382
U_42828,1843
U_43778,3387
U_43925,4492
U_45549,6675
U_48170,6710
U_48452,3410
U_49390,3417
U_52465,1064
U_53201,1856
U_55275,6789
U_55614,4567
U_55730,2724
U_57063,2206
U_59850,6851
U_59949,2740
U_60309,532
U_61301,4604
U_63820,4622
U_64060,2756
U_67606,1609
U_69765,6927
U_74394,6955
U_74766,6963
U_76128,1886
U_77189,1888
U_82505,769
U_82816,965
U_83022,1617
U_88839,2829
U_89420,4762
U_90432,1623
U_90689,7175
U_90863,2842
U_90963,4780
U_91495,1089
U_93120,1914
U_93429,4799
U_94017,1625
U_94330,3589
U_96403,7244
U_96506,2864
U_97426,2295
U_98349,3610
U_99310,2873
U_99365,541
U_99766,7281
U_100071,3618
U_100196,4845
U_100451,2306
U_100691,1640
U_102353,3633
U_102469,1100
U_102998,4868
U_103524,4873
U_104207,4887
U_104339,1646
U_104929,3659
U_107699,4932
U_108130,4938
U_108226,2915
U_108272,4939
U_108787,594
U_110259,2924
U_111143,2926
U_111226,1663
U_116419,1668
U_121974,5066
U_131668,5127
U_132783,2370
U_135523,1966
U_137709,1967
U_137951,2971
U_140332,5179
U_143400,5196
U_146659,2986
U_155041,1269
U_156276,5277
U_156348,5282
U_159360,3865
U_163239,3880
U_167323,3896
U_167803,650
U_172490,3037
U_176620,3923
U_178219,5455
U_181872,3938
U_181911,3939
U_182809,5473
U_190476,717
U_191500,2452
U_193538,3973
U_196017,5548
U_196531,5554
U_198176,1487
U_199385,3995
U_202088,1282
U_202445,5581
U_203690,3096
U_209128,4026
U_210099,5635
U_212220,2494
U_213222,5685
U_213930,5688
U_214037,5689
U_217132,4046
U_222210,5739
U_226553,3126
U_226791,5761
U_227786,1298
U_229511,515
U_242966,2530
U_250749,5873
U_253721,4147
U_254960,1155
U_255483,2548
U_256114,1771
U_258297,5917
U_260665,4167
U_263885,1523
U_265732,5973
U_266602,4184
U_266781,1034
U_270220,6003
U_273751,6019
U_276258,735
U_279234,4223
U_283437,2094
U_284703,1787
U_286758,4250
U_289958,6108
U_290289,6114
U_292712,3241
U_294480,6144
U_303499,1319
U_304277,6264
U_304317,6295
U_316161,4368
U_317688,2134
U_320871,2142
U_324568,2642
U_326458,6491
U_327858,3335
U_328918,6509
U_332271,673
U_333235,6540
U_333969,2660
U_1216,2360
U_1355,2969
U_1593,5309
U_8722,4745
U_14803,3818
U_14897,5227
U_17178,3036
U_17667,5442
U_20659,5615
U_22743,4082
U_24013,5827
U_25528,5902
U_25548,4150
U_26795,4190
U_28503,2098
U_28534,4244
U_29025,2103
U_38682,4472
U_41526,4479
U_43123,6653
U_44801,6670
U_50134,6745
U_51519,4543
U_57356,2726
U_59708,2216
U_60866,6868
U_61795,4607
U_62264,2227
U_63267,2231
U_69294,2241
U_75079,6967
U_78096,6992
U_78241,6997
U_79534,2252
U_81646,4706
U_81993,4713
U_82357,3530
U_86188,3550
U_88569,7140
U_89246,3561
U_89411,7151
U_89426,1087
U_89793,7156
U_90729,3571
U_90837,7181
U_93103,1913
U_94027,7214
U_94114,1626
U_101481,4854
U_102492,2312
U_103627,4877
U_104234,3652
U_105572,4905
U_106005,4910
U_107352,4928
U_112273,3704
U_114842,5011
U_132871,2966
U_133285,5139
U_145002,2982
U_147496,5216
U_147943,5218
U_148212,5223
U_155176,5265
U_156370,5284
U_157833,3007
U_158019,2401
U_158450,5302
U_158635,1985
U_159899,5328
U_163227,1994
U_163351,3018
U_166002,5380
U_168551,3898
U_169582,3900
U_177757,5450
U_178033,1469
U_179821,2440
U_187611,5487
U_191153,3964
U_213990,3112
U_116515,2939
U_196559,3984
U_196670,1015
U_197099,2464
U_197103,5558
U_199323,2466
U_206773,2487
U_213166,5665
U_213743,4041
U_218903,5717
U_222219,4061
U_222239,5740
U_226825,4078
U_230622,5792
U_251030,4130
U_254507,5896
U_255107,5897
U_257926,4158
U_258347,5918
U_262323,4172
U_266789,2081
U_269594,5998
U_272963,4199
U_282220,4235
U_282636,6068
U_284697,6080
U_294479,6143
U_297162,4289
U_305378,3278
U_312032,6373
U_317039,2628
U_317819,6425
U_318596,3301
U_318826,6445
U_318917,6450
U_323509,2641
U_327680,2653
U_330702,2655
U_331609,6528
U_332542,6538
U_2927,4272
U_8250,3532
U_9896,7277
U_10063,4850
U_12115,3740
U_12406,3752
U_17573,5431
U_20390,2479
U_21349,5686
U_26005,2557
U_26458,2560
U_34161,6550
U_35521,3359
U_36686,1834
U_41073,3379
U_45386,4499
U_47685,3404
U_47903,6704
U_48192,3408
U_48954,6718
U_56757,6807
U_57443,3448
U_57880,6828
U_61754,6875
U_67816,4647
U_68096,3490
U_74392,6954
U_74624,6960
U_76084,4675
U_80041,7017
U_84825,7099
U_85752,4737
U_89224,7148
U_90414,4770
U_91221,7191
U_94490,2855
U_96398,2291
U_98330,4830
U_102505,3638
U_103488,4872
U_105015,3662
U_109676,3690
U_116715,2350
U_131914,5129
U_133038,5135
U_137970,5164
U_142378,5189
U_159379,5321
U_170091,3903
U_174685,3918
U_190729,5512
U_191509,5518
U_199979,5570
U_203724,5594
U_211058,5641
U_213137,5659
U_213660,3111
U_215329,5698
U_215599,5700
U_216114,5705
U_222866,5746
U_223822,4064
U_251642,2539
U_255488,3176
U_257446,4153
U_276441,4215
U_278490,3221
U_281203,6056
U_294467,4279
U_302839,6231
U_304281,6268
U_304334,6307
U_308927,4335
U_309077,4336
U_315521,3292
U_325721,3326
U_333876,3352
U_2747,6023
U_4672,6691
U_4927,3413
U_12033,1677
U_15021,2989
U_30517,6327
U_32238,6467
U_40999,6621
U_42377,6643
U_42749,4488
U_44070,6662
U_57409,4573
U_59395,4591
U_64014,4623
U_67904,6911
U_84915,7100
U_94576,4805
U_96400,7243
U_96603,4819
U_120324,5055
U_127656,5104
U_133065,5136
U_133921,5143
U_140880,3791
U_145164,5203
U_155120,5264
U_155511,5272
U_157754,5292
U_159310,5310
U_209896,5631
U_215207,5692
U_220732,3120
U_241568,5831
U_242043,5834
U_247784,5865
U_250292,2535
U_252549,5883
U_260062,5938
U_262534,2076
U_294503,6154
U_294512,6160
U_300737,6221
U_304292,6274
U_316057,2625
U_318640,6439
U_322152,4396
U_325654,4403
U_326465,4410
U_196,3084
U_976,7258
U_5240,6772
U_25325,3172
U_27413,4204
U_34859,6556
U_41874,6637
U_44831,6671
U_49541,6740
U_64097,6892
U_70377,2774
U_72197,4664
U_84270,7088
U_96872,4821
U_98834,7275
U_128617,5108
U_130447,2962
U_133812,3773
U_152904,5251
U_157138,3004
U_175909,5434
U_190036,5501
U_222961,5747
U_253517,5890
U_297069,4285
U_297447,6196
U_303481,6237
U_307877,4333
U_326594,2646
U_333332,6541
U_5996,6853
U_7545,6969
U_11916,5039
U_36617,6578
U_36633,4455
U_46477,4503
U_158961,5306
U_169241,5399
U_186825,5482
U_195837,3979
U_227868,3129
U_269255,5996
U_279504,6047
U_294489,6149
U_303660,6240
U_15302,5252
U_41737,6632
U_64545,6893
U_81658,7053
U_95175,7230
U_191,74
U_193,3971
U_205,1286
U_212,5646
U_260,2556
U_280,4227
U_591,6842
U_1195,1676
U_1296,7287
U_1513,2389
U_1581,5297
U_1755,2014
U_2369,1022
U_3323,6536
U_3936,678
U_4391,4491
U_5403,3432
U_5897,1074
U_5981,4595
U_6120,245
U_6195,3468
U_6269,2229
U_6286,172
U_6463,2234
U_6615,1375
U_6700,6905
U_6883,1879
U_7056,956
U_7173,3494
U_7312,846
U_7716,1226
U_7809,2792
U_7825,1891
U_8019,248
U_8429,1902
U_8818,402
U_8846,967
U_9006,268
U_9589,7235
U_10260,700
U_10309,339
U_10368,279
U_10377,3649
U_10682,282
U_10683,3681
U_10852,4948
U_11100,2335
U_11170,1435
U_14158,1686
U_14651,1693
U_17632,5439
U_17740,5447
U_17826,3933
U_18374,3062
U_18622,270
U_18964,195
U_19154,653
U_19224,2453
U_20282,271
U_20643,5612
U_20787,384
U_21028,320
U_21172,4033
U_21292,2495
U_21726,8
U_21832,5714
U_22809,3130
U_23620,5815
U_24067,48
U_24086,564
U_24260,609
U_24351,44
U_24385,2065
U_24485,4117
U_25214,1517
U_25239,5880
U_25384,1304
U_26084,812
U_26294,439
U_26450,1775
U_26457,3191
U_27614,134
U_30034,820
U_31458,6392
U_31495,2621
U_32672,2647
U_32810,3336
U_32843,930
U_33002,265
U_33405,88
U_34677,2159
U_35038,2666
U_35392,576
U_35564,4451
U_35590,1059
U_35694,212
U_36687,203
U_36755,4456
U_36837,6583
U_37408,3364
U_37513,4460
U_37557,1836
U_38042,1198
U_39190,577
U_39844,3378
U_39887,623
U_40981,1840
U_41089,624
U_41663,4482
U_42347,2687
U_43396,6655
U_43832,753
U_43946,2690
U_45760,835
U_45995,3392
U_46484,450
U_47404,836
U_47828,6698
U_48188,1352
U_48375,2703
U_48535,1586
U_50039,2708
U_50127,2191
U_51586,1852
U_52549,3426
U_52834,6776
U_53303,1857
U_53546,628
U_53561,2199
U_54728,948
U_55298,2204
U_56042,68
U_43533,1844
U_57032,1863
U_57555,6824
U_57881,4579
U_58233,950
U_58533,2732
U_59056,584
U_59411,4592
U_59777,3455
U_59931,1217
U_59967,6854
U_59980,6855
U_60062,952
U_60097,136
U_60102,3459
U_60693,6866
U_60820,171
U_62521,3471
U_62534,2228
U_62536,1371
U_63100,2752
U_63391,299
U_64286,632
U_64717,533
U_65425,1078
U_65971,6902
U_66157,6903
U_66171,2765
U_66866,1220
U_68735,6919
U_69008,1881
U_69280,1223
U_69502,233
U_73019,2777
U_73182,2778
U_74603,2782
U_75489,689
U_76419,6976
U_76959,4676
U_77559,690
U_78042,6988
U_79502,7012
U_80309,4698
U_80460,589
U_80598,373
U_80825,1228
U_81608,330
U_81939,4711
U_82200,2262
U_82253,1898
U_82258,60
U_83831,4724
U_84161,311
U_84232,2812
U_84288,375
U_84320,334
U_84375,3538
U_84439,2265
U_84608,853
U_84863,854
U_84898,1389
U_84922,292
U_84943,7101
U_85124,3545
U_85365,3547
U_85396,4735
U_86369,2822
U_86544,3552
U_87086,855
U_89276,336
U_89636,2271
U_89705,3562
U_89785,2834
U_90155,2836
U_90449,773
U_90751,2840
U_90772,2273
U_90882,2275
U_91148,4783
U_91311,490
U_92358,377
U_93025,337
U_93074,7204
U_94081,1916
U_94775,7227
U_96330,4815
U_96976,1410
U_97190,777
U_98248,3609
U_98842,1416
U_98976,2870
U_99581,76
U_99724,257
U_100735,2307
U_102062,219
U_102239,3631
U_102360,1099
U_102362,864
U_103139,220
U_104748,67
U_105041,1247
U_105059,2323
U_105541,1424
U_106085,3672
U_106279,4912
U_107726,2327
U_107904,3684
U_107935,1653
U_108058,497
U_109712,3691
U_110124,595
U_110177,4966
U_110517,152
U_111190,69
U_111372,207
U_112072,222
U_115291,2935
U_115896,3717
U_115962,2
U_117240,1672
U_117296,1673
U_117908,1948
U_120568,1678
U_127971,1120
U_128631,2961
U_130035,1441
U_130480,5120
U_131451,997
U_132257,5133
U_133849,3774
U_138004,358
U_138867,2376
U_139150,5174
U_145094,3804
U_145612,1447
U_149618,790
U_154905,1453
U_155705,3843
U_156233,791
U_156363,1982
U_156456,600
U_157047,3850
U_157744,3852
U_157791,5294
U_158626,5303
U_159646,1988
U_159844,61
U_161251,5341
U_161661,2414
U_162186,2419
U_162527,715
U_162577,3017
U_164002,5366
U_166059,3891
U_170081,2004
U_171163,3034
U_172615,2434
U_173677,165
U_176831,3924
U_177900,5452
U_179385,463
U_179791,38
U_187854,464
U_188750,894
U_188883,1733
U_190048,3959
U_190774,718
U_190895,1480
U_191413,13
U_193063,2455
U_193971,719
U_196871,5555
U_199383,3090
U_200101,2030
U_200618,897
U_202208,1489
U_203017,3095
U_203653,1492
U_203806,656
U_203859,3100
U_204173,5599
U_204198,2033
U_204570,2481
U_204707,224
U_205812,2485
U_206060,225
U_206642,127
U_207017,2038
U_208483,1288
U_208494,133
U_210012,5633
U_210163,5637
U_211505,606
U_213213,5680
U_215878,5702
U_217270,1497
U_218336,805
U_218599,807
U_220694,5730
U_225977,1149
U_226839,1754
U_229670,4
U_230416,2056
U_231991,3142
U_234430,2058
U_239033,1757
U_247497,1027
U_247654,63
U_250057,4125
U_250475,287
U_258321,272
U_259117,4164
U_260839,1773
U_262192,1160
U_262193,346
U_265632,2077
U_266802,731
U_266840,2564
U_270044,2566
U_273100,2574
U_275886,1035
U_277108,6035
U_278437,2092
U_279754,4226
U_280712,99
U_283154,471
U_284391,3230
U_285636,4246
U_286915,3234
U_288582,6096
U_292155,6123
U_294079,1170
U_294994,4282
U_299973,6217
U_301347,442
U_302823,4314
U_304061,3269
U_304304,6283
U_304308,6287
U_304353,6319
U_305398,3279
U_305505,4324
U_308025,6352
U_308856,2124
U_309737,4338
U_310428,4340
U_311886,2126
U_313466,924
U_315604,1322
U_315630,3294
U_315769,6402
U_318526,2135
U_318543,4384
U_318896,1550
U_320083,745
U_323739,1814
U_324511,3324
U_325027,1329
U_325310,4402
U_325715,2643
U_325989,6484
U_327290,2651
U_329329,1188
U_330022,6518
U_330594,1333
U_330800,2656
U_332146,1058
U_333789,748
U_567,3442
U_965,4817
U_1147,5008
U_1197,3738
U_1368,1684
U_2834,3229
U_5068,2192
U_6480,6895
U_7004,6928
U_7008,6929
U_8872,4756
U_9007,4766
U_9523,2858
U_9964,4840
U_10015,3619
U_10357,2321
U_12123,5060
U_15144,3827
U_15413,1979
U_17334,1467
U_17767,5449
U_18810,5491
U_21541,4044
U_21695,5708
U_24481,1762
U_24495,2066
U_26515,5967
U_26660,5979
U_27548,4209
U_29027,6113
U_31307,1543
U_31470,3291
U_31881,3308
U_32153,3317
U_32231,6466
U_32920,6511
U_32998,6517
U_35383,4449
U_35994,6572
U_42824,3385
U_45563,6676
U_46183,6683
U_48228,2702
U_48831,3412
U_49507,1588
U_49875,6742
U_51987,2713
U_52281,6770
U_53747,4553
U_54246,1068
U_56683,2205
U_57422,6819
U_59340,2737
U_60945,6870
U_62820,4613
U_62852,1372
U_63996,6890
U_68268,6917
U_68756,4652
U_69564,4656
U_75641,6971
U_77862,2250
U_78077,3506
U_81122,4700
U_81868,7058
U_81933,7059
U_81943,3528
U_84285,3536
U_84450,7091
U_85086,1392
U_86417,4742
U_88315,7138
U_89199,7147
U_90440,2839
U_90801,3572
U_91023,2276
U_93428,4798
U_94931,2286
U_96870,1632
U_97430,1635
U_98744,2300
U_104225,2897
U_104420,4891
U_105464,2905
U_105642,3668
U_106090,3673
U_109954,2921
U_112556,597
U_115980,3718
U_121637,5062
U_122980,5075
U_123036,1956
U_123527,3748
U_123607,2361
U_129405,547
U_133409,1964
U_133987,1442
U_134699,1965
U_149142,3823
U_150559,1697
U_156336,3846
U_156995,5289
U_157768,3853
U_157958,1983
U_159316,3862
U_159328,3864
U_159823,3868
U_159875,1708
U_161756,1710
U_163190,1007
U_164016,2422
U_164049,5367
U_174583,3043
U_175157,3920
U_177861,1134
U_182030,1135
U_187524,5486
U_188869,3954
U_189789,5496
U_190112,3961
U_190954,5514
U_191034,3070
U_192352,3074
U_205821,7290
U_206977,4016
U_210633,4030
U_213197,5675
U_217025,2500
U_218670,1500
U_218693,5716
U_221295,2505
U_224011,1148
U_227399,5767
U_227682,2514
U_229623,1151
U_232290,5800
U_243919,5852
U_248382,5866
U_250759,2538
U_255508,469
U_258317,2554
U_259339,5929
U_264391,1306
U_267424,5989
U_271659,2569
U_272296,6010
U_272320,4194
U_274306,4206
U_275131,6026
U_276196,6031
U_277274,6036
U_279319,1312
U_281497,736
U_284675,918
U_289473,4255
U_291048,4263
U_298381,2607
U_300659,3261
U_304114,6254
U_304293,6275
U_304344,6313
U_305099,3273
U_305407,6329
U_307068,4331
U_308843,2617
U_311486,4343
U_315540,3293
U_317263,2631
U_317780,4379
U_318847,6446
U_318888,3309
U_322082,4395
U_323278,6475
U_326588,6494
U_326896,6497
U_327737,4413
U_330221,6520
U_330776,4423
U_332525,4430
U_333254,4431
U_333382,6542
U_54,2202
U_152,2993
U_804,2799
U_895,7152
U_1446,5199
U_1949,3977
U_2815,4231
U_3024,6230
U_3793,6599
U_4430,4496
U_7861,4687
U_8007,7019
U_9711,7252
U_9832,7263
U_10044,4847
U_24265,5843
U_32276,6472
U_38075,1342
U_44395,6664
U_49149,4527
U_51020,6754
U_57160,3443
U_57636,6825
U_58242,4583
U_59242,6843
U_60684,6865
U_64514,4628
U_65128,2758
U_65299,4633
U_65338,3480
U_65632,2760
U_65643,3482
U_65789,4636
U_67799,6909
U_69265,4654
U_70041,4658
U_71396,6937
U_74692,6962
U_80546,7021
U_81721,7055
U_83698,4722
U_87191,7127
U_87965,2826
U_89198,4760
U_90695,4775
U_90756,2841
U_91232,7192
U_93194,7208
U_95319,7232
U_99772,2879
U_101158,3627
U_101590,2308
U_103058,1925
U_106080,2907
U_107130,4926
U_108800,4951
U_108819,4952
U_108871,4954
U_110650,4971
U_111251,3699
U_111258,4978
U_111653,2928
U_113820,4999
U_123001,5076
U_123509,5079
U_123877,5086
U_131354,5123
U_144161,1688
U_146281,5208
U_146309,3808
U_146729,3811
U_146778,1265
U_152791,5249
U_159332,5314
U_162122,3878
U_163288,3881
U_164083,1715
U_164221,5372
U_170035,3902
U_180582,5460
U_181281,1729
U_193823,2457
U_86400,7118
U_139554,5177
U_194813,5539
U_197007,5557
U_197158,5559
U_199198,5566
U_200289,3999
U_201235,2470
U_213049,5651
U_213181,5668
U_213202,5677
U_215270,5695
U_221563,2507
U_225306,4069
U_225926,4072
U_225943,5758
U_227660,5769
U_232965,2519
U_238341,5820
U_258877,5925
U_266959,4189
U_267115,3200
U_267458,5991
U_279130,6044
U_282367,6066
U_288195,4253
U_292677,4271
U_292815,6126
U_295806,6186
U_298415,6205
U_303075,2612
U_304285,6271
U_304287,4318
U_304296,6276
U_304299,6278
U_306345,6340
U_308894,4334
U_314876,4359
U_316554,2626
U_322641,6471
U_327158,6502
U_331995,4425
U_332174,6534
U_1192,5040
U_1833,2017
U_6751,3488
U_9352,7210
U_11392,5000
U_12025,2355
U_12246,993
U_24247,5839
U_29187,2597
U_30054,4304
U_30595,6334
U_39388,4476
U_46280,2693
U_47854,6699
U_52157,6766
U_56737,6806
U_37738,3365
U_57435,4575
U_59941,4598
U_64999,3479
U_75490,4673
U_81294,7034
U_81505,7043
U_84518,7094
U_85336,7106
U_89871,4765
U_94221,7220
U_99565,2876
U_104014,2896
U_106814,3680
U_108796,3688
U_115064,5012
U_132845,5134
U_139393,2975
U_140476,5181
U_143620,2979
U_148171,5221
U_148300,3820
U_159288,2407
U_159730,5325
U_162171,3879
U_164222,2423
U_169292,3029
U_172568,3915
U_172854,5421
U_174761,5427
U_182711,5472
U_184059,1473
U_186948,5483
U_189590,3955
U_193801,5534
U_198262,5562
U_203780,2476
U_212592,5649
U_214316,5691
U_220058,5728
U_226055,5759
U_230458,5790
U_261786,5944
U_265874,5974
U_266965,5985
U_267065,5987
U_281268,6058
U_283757,4240
U_290122,6112
U_291605,4265
U_294543,6174
U_297369,4290
U_300835,6224
U_304291,6273
U_304331,6305
U_307162,6346
U_311172,6366
U_317049,6408
U_317694,6419
U_318609,6437
U_318809,6444
U_326163,6486
U_331958,6531
U_332258,3346
U_2659,5976
U_5632,6802
U_11811,5027
U_13746,3783
U_17581,5433
U_25854,5920
U_28236,6065
U_33148,6527
U_35883,6569
U_45988,3391
U_48433,4523
U_49416,6735
U_51528,2711
U_81649,7052
U_81951,7060
U_86605,7121
U_93171,3582
U_96254,7239
U_96275,7240
U_99790,7282
U_102855,4863
U_105468,3666
U_111392,4985
U_114573,5004
U_117733,2352
U_120850,5059
U_146053,2983
U_161657,3875
U_170803,5414
U_185707,3064
U_218602,4055
U_250657,5872
U_253883,5892
U_259042,4163
U_272290,4192
U_280054,6052
U_280173,4228
U_284717,6081
U_286828,6088
U_287738,6093
U_294483,6147
U_294530,6169
U_303344,6234
U_304099,6251
U_304131,4317
U_315704,4365
U_317718,6420
U_318779,3305
U_329711,6514
U_330540,3339
U_25430,5894
U_47856,6700
U_48146,4519
U_49100,6722
U_49426,6736
U_56913,6808
U_59891,3458
U_81638,7051
U_87360,7130
U_93401,4797
U_98196,7260
U_102644,2890
U_103672,3645
U_104641,4897
U_109699,4960
U_124549,5092
U_127573,5103
U_131790,3770
U_135854,5154
U_157975,3858
U_161757,5350
U_190741,5513
U_199232,3993
U_231671,5797
U_256764,5908
U_258056,5915
U_272293,6009
U_273874,6020
U_283533,6071
U_307495,6348
U_317884,6427
U_321211,6457
U_331997,6532
U_25960,5932
U_30417,6262
U_61860,6876
U_83293,7069
U_96200,7237
U_103330,4871
U_103681,4879
U_107395,4931
U_132132,5132
U_140918,5182
U_143019,5192
U_159345,5316
U_225641,5755
U_236476,5817
U_276873,6034
U_286694,6087
U_294509,6157
U_304086,6250
U_326931,6499
U_94082,7299
U_117978,7286
U_202090,5578
U_271583,6007
U_279547,6050
U_303422,6236
U_330210,6519
U_299075,741
U_104949,4900
U_108839,1937
U_103844,4882
U_317795,6423
U_115469,5017
U_123585,5081
U_56041,6800
U_213169,5667
U_66402,4638
U_109838,4963
U_163948,5365
U_10154,4855
