user_id,course_count
U_205821,1
U_117978,1
U_1694,1
U_332270,1
U_103916,1
U_227372,1
U_67882,1
U_94082,1
U_44812,1
U_133258,1
U_1296,1
U_273679,1
U_6508,1
U_285595,1
U_49280,1
U_2628,2
U_4081,2
U_4816,2
U_6068,2
U_6700,2
U_17171,2
U_23620,2
U_31458,2
U_38441,2
U_40636,2
U_41533,2
U_44675,2
U_44971,2
U_49456,2
U_50432,2
U_57177,2
U_60953,2
U_66311,2
U_76868,2
U_78042,2
U_104105,2
U_110177,2
U_113356,2
U_114607,2
U_119289,2
U_125308,2
U_127538,2
U_129477,2
U_130314,2
U_132257,2
U_134764,2
U_147042,2
U_153048,2
U_157798,2
U_159977,2
U_164002,2
U_167460,2
U_170044,2
U_175284,2
U_187736,2
U_191656,2
U_197162,2
U_210200,2
U_225505,2
U_227826,2
U_244145,2
U_265697,2
U_265721,2
U_266702,2
U_269100,2
U_278135,2
U_281961,2
U_289675,2
U_292595,2
U_292727,2
U_298825,2
U_302009,2
U_304046,2
U_304132,2
U_304314,2
U_317068,2
U_317755,2
U_325019,2
U_329724,2
U_330642,2
U_1606,2
U_6890,2
U_10052,2
U_18287,2
U_24620,2
U_26660,2
U_31720,2
U_33824,2
U_35994,2
U_38500,2
U_39308,2
U_50755,2
U_58823,2
U_60945,2
U_62480,2
U_63750,2
U_68928,2
U_77083,2
U_80644,2
U_81567,2
U_84041,2
U_85374,2
U_94541,2
U_95552,2
U_100060,2
U_102533,2
U_106479,2
U_106577,2
U_119785,2
U_129869,2
U_131668,2
U_148948,2
U_160618,2
U_162538,2
U_164171,2
U_170466,2
U_178219,2
U_180756,2
U_182488,2
U_189789,2
U_193540,2
U_194066,2
U_196220,2
U_201007,2
U_204584,2
U_213930,2
U_217060,2
U_225527,2
U_227007,2
U_227261,2
U_238472,2
U_258485,2
U_274188,2
U_275131,2
U_289671,2
U_290638,2
U_294204,2
U_294661,2
U_298105,2
U_299410,2
U_299968,2
U_304301,2
U_317507,2
U_318165,2
U_326588,2
U_333382,2
U_3744,2
U_9900,2
U_15417,2
U_22721,2
U_25731,2
U_26355,2
U_43769,2
U_44183,2
U_49035,2
U_51704,2
U_60866,2
U_67799,2
U_74636,2
U_74692,2
U_79100,2
U_86852,2
U_89411,2
U_90837,2
U_97180,2
U_98947,2
U_101542,2
U_105572,2
U_106005,2
U_107892,2
U_108871,2
U_109772,2
U_120232,2
U_123001,2
U_136771,2
U_137496,2
U_150569,2
U_159899,2
U_161669,2
U_165588,2
U_172303,2
U_176086,2
U_180582,2
U_183525,2
U_190696,2
U_168885,2
U_40288,2
U_194813,2
U_208283,2
U_208609,2
U_210305,2
U_213049,2
U_213219,2
U_215771,2
U_221210,2
U_221414,2
U_234753,2
U_238341,2
U_244111,2
U_255182,2
U_294479,2
U_294497,2
U_298374,2
U_304330,2
U_310156,2
U_312184,2
U_319578,2
U_2641,2
U_10374,2
U_15062,2
U_24659,2
U_29493,2
U_34563,2
U_37278,2
U_41689,2
U_47903,2
U_48954,2
U_49183,2
U_52019,2
U_60314,2
U_106912,2
U_110272,2
U_111478,2
U_116375,2
U_120262,2
U_124061,2
U_141560,2
U_172854,2
U_187613,2
U_188885,2
U_204643,2
U_216114,2
U_218515,2
U_261528,2
U_265125,2
U_283148,2
U_294462,2
U_294531,2
U_304120,2
U_304334,2
U_313739,2
U_313876,2
U_317049,2
U_321386,2
U_331958,2
U_786,2
U_2341,2
U_9009,2
U_25242,2
U_27604,2
U_28236,2
U_33148,2
U_49357,2
U_55695,2
U_61060,2
U_62360,2
U_65310,2
U_67904,2
U_81096,2
U_84952,2
U_87314,2
U_157754,2
U_159344,2
U_174377,2
U_190110,2
U_192684,2
U_209896,2
U_213212,2
U_249830,2
U_264803,2
U_294511,2
U_294535,2
U_295215,2
U_304336,2
U_317276,2
U_318577,2
U_68,2
U_11829,2
U_18230,2
U_30362,2
U_42677,2
U_43680,2
U_49100,2
U_84270,2
U_121922,2
U_152904,2
U_159611,2
U_175909,2
U_190036,2
U_190069,2
U_215584,2
U_283533,2
U_304356,2
U_317884,2
U_7545,2
U_12834,2
U_65723,2
U_81329,2
U_89713,2
U_96200,2
U_114823,2
U_156328,2
U_159345,2
U_159848,2
U_161246,2
U_163182,2
U_169241,2
U_175323,2
U_294489,2
U_263341,2
U_294899,2
U_303422,2
U_170083,2
U_313613,2
U_457,2
U_2281,2
U_4164,2
U_7180,2
U_7903,2
U_9589,2
U_13623,2
U_14999,2
U_24953,2
U_28987,2
U_30640,2
U_35252,2
U_36752,2
U_40610,2
U_42577,2
U_46366,2
U_48621,2
U_49275,2
U_44771,2
U_57320,2
U_67779,2
U_73548,2
U_82227,2
U_83786,2
U_83869,2
U_84350,2
U_90292,2
U_90453,2
U_94568,2
U_96390,2
U_98674,2
U_102344,2
U_102577,2
U_102991,2
U_104950,2
U_108454,2
U_109279,2
U_110830,2
U_111340,2
U_122272,2
U_139150,2
U_144754,2
U_149351,2
U_151131,2
U_156514,2
U_159832,2
U_166854,2
U_167373,2
U_193074,2
U_194686,2
U_204340,2
U_208090,2
U_213599,2
U_220694,2
U_228515,2
U_238857,2
U_263494,2
U_289566,2
U_293715,2
U_294485,2
U_297140,2
U_304280,2
U_304308,2
U_307404,2
U_308076,2
U_316346,2
U_317844,2
U_325989,2
U_330692,2
U_150,2
U_271,2
U_1158,2
U_1627,2
U_6480,2
U_6919,2
U_7004,2
U_10557,2
U_13477,2
U_18569,2
U_22580,2
U_26515,2
U_30016,2
U_32231,2
U_33813,2
U_46296,2
U_59660,2
U_60040,2
U_61352,2
U_69765,2
U_74418,2
U_74766,2
U_82820,2
U_84256,2
U_84450,2
U_88315,2
U_91049,2
U_96962,2
U_97034,2
U_98699,2
U_100196,2
U_108438,2
U_108919,2
U_121637,2
U_122271,2
U_136760,2
U_140400,2
U_156541,2
U_157314,2
U_159374,2
U_165445,2
U_167458,2
U_176141,2
U_190093,2
U_210099,2
U_213222,2
U_217539,2
U_229055,2
U_229744,2
U_250749,2
U_264591,2
U_286497,2
U_294472,2
U_294707,2
U_298157,2
U_304774,2
U_306178,2
U_306183,2
U_307703,2
U_311710,2
U_314448,2
U_325649,2
U_7434,2
U_8551,2
U_25528,2
U_25944,2
U_28596,2
U_29138,2
U_37602,2
U_44395,2
U_46010,2
U_59732,2
U_65178,2
U_78051,2
U_78241,2
U_80546,2
U_81440,2
U_81669,2
U_83595,2
U_87191,2
U_88569,2
U_89873,2
U_105622,2
U_106792,2
U_107130,2
U_110189,2
U_118677,2
U_127731,2
U_147496,2
U_155435,2
U_161210,2
U_167459,2
U_170352,2
U_177062,2
U_189151,2
U_2045,2
U_139554,2
U_196474,2
U_197158,2
U_211210,2
U_213123,2
U_215270,2
U_216064,2
U_217948,2
U_241704,2
U_269594,2
U_272346,2
U_273627,2
U_297835,2
U_304324,2
U_304346,2
U_306345,2
U_309299,2
U_309943,2
U_312032,2
U_330210,2
U_332542,2
U_332617,2
U_2474,2
U_6252,2
U_9896,2
U_10154,2
U_10871,2
U_21349,2
U_23414,2
U_24902,2
U_25914,2
U_49292,2
U_59032,2
U_65456,2
U_74543,2
U_81435,2
U_84518,2
U_86302,2
U_93133,2
U_94076,2
U_118834,2
U_121800,2
U_133038,2
U_150571,2
U_171119,2
U_174761,2
U_186948,2
U_191509,2
U_199209,2
U_203724,2
U_208426,2
U_213137,2
U_215289,2
U_215599,2
U_238602,2
U_267768,2
U_284366,2
U_304291,2
U_330509,2
U_1965,2
U_7491,2
U_10571,2
U_12909,2
U_30517,2
U_32238,2
U_40999,2
U_59674,2
U_77607,2
U_78149,2
U_85131,2
U_90510,2
U_91052,2
U_96254,2
U_98444,2
U_102855,2
U_103324,2
U_114573,2
U_133065,2
U_155202,2
U_163702,2
U_163760,2
U_163864,2
U_177838,2
U_195772,2
U_236415,2
U_275889,2
U_284717,2
U_294518,2
U_294526,2
U_298079,2
U_304337,2
U_308465,2
U_16329,2
U_37336,2
U_41874,2
U_47856,2
U_89706,2
U_90866,2
U_109699,2
U_135854,2
U_173623,2
U_176438,2
U_194342,2
U_229902,2
U_243910,2
U_253517,2
U_297447,2
U_308284,2
U_326901,2
U_333332,2
U_14818,2
U_17796,2
U_24363,2
U_34985,2
U_41532,2
U_52678,2
U_98477,2
U_103330,2
U_165744,2
U_170116,2
U_186825,2
U_196192,2
U_213187,2
U_280345,2
U_282128,2
U_290074,2
U_294509,2
U_304139,2
U_317062,2
U_11185,2
U_26974,2
U_98639,2
U_242070,2
U_3424,2
U_3516,2
U_7551,2
U_7956,2
U_15120,2
U_16986,2
U_17575,2
U_31311,2
U_35935,2
U_37635,2
U_38171,2
U_40386,2
U_47489,2
U_49358,2
U_59305,2
U_59967,2
U_62127,2
U_68735,2
U_70600,2
U_76419,2
U_81595,2
U_83497,2
U_85823,2
U_86321,2
U_88517,2
U_90806,2
U_91105,2
U_93074,2
U_100364,2
U_104269,2
U_106279,2
U_107385,2
U_139390,2
U_150774,2
U_154676,2
U_168024,2
U_170036,2
U_187031,2
U_195891,2
U_200693,2
U_203858,2
U_204686,2
U_219202,2
U_220669,2
U_220903,2
U_224656,2
U_225890,2
U_229052,2
U_230838,2
U_238268,2
U_246241,2
U_251275,2
U_257349,2
U_265623,2
U_266729,2
U_283881,2
U_288658,2
U_292821,2
U_315769,2
U_317933,2
U_1420,2
U_2035,2
U_3731,2
U_5879,2
U_23048,2
U_24233,2
U_25978,2
U_29195,2
U_32920,2
U_42931,2
U_44407,2
U_45563,2
U_47662,2
U_48641,2
U_50128,2
U_53392,2
U_54334,2
U_59850,2
U_68268,2
U_68719,2
U_80251,2
U_80934,2
U_81590,2
U_89199,2
U_90607,2
U_94079,2
U_99766,2
U_103959,2
U_104768,2
U_108130,2
U_108758,2
U_115399,2
U_120312,2
U_121974,2
U_126012,2
U_140931,2
U_156597,2
U_180739,2
U_181978,2
U_182551,2
U_182809,2
U_187524,2
U_191084,2
U_213078,2
U_213154,2
U_213155,2
U_226791,2
U_235510,2
U_256924,2
U_258297,2
U_270220,2
U_279617,2
U_282217,2
U_292913,2
U_294480,2
U_304114,2
U_304127,2
U_304278,2
U_304325,2
U_314456,2
U_318978,2
U_326489,2
U_327927,2
U_1446,2
U_1583,2
U_5083,2
U_5792,2
U_6825,2
U_8791,2
U_9711,2
U_11076,2
U_13354,2
U_18695,2
U_20659,2
U_31326,2
U_32276,2
U_32555,2
U_35111,2
U_43123,2
U_46277,2
U_52199,2
U_57364,2
U_60684,2
U_62625,2
U_77178,2
U_86553,2
U_89071,2
U_89608,2
U_89793,2
U_89868,2
U_95549,2
U_107352,2
U_147489,2
U_155186,2
U_158450,2
U_159326,2
U_161680,2
U_167303,2
U_86400,2
U_199198,2
U_203164,2
U_240328,2
U_242704,2
U_251271,2
U_257985,2
U_282227,2
U_282228,2
U_282385,2
U_282636,2
U_291366,2
U_292815,2
U_294523,2
U_301080,2
U_301190,2
U_318534,2
U_329669,2
U_10063,2
U_11392,2
U_14740,2
U_17573,2
U_17626,2
U_29194,2
U_32714,2
U_34508,2
U_45930,2
U_47388,2
U_47854,2
U_56757,2
U_57307,2
U_78184,2
U_78889,2
U_81404,2
U_82360,2
U_83550,2
U_85336,2
U_98526,2
U_107192,2
U_118886,2
U_131350,2
U_132845,2
U_137970,2
U_138104,2
U_140938,2
U_168157,2
U_170173,2
U_199751,2
U_222750,2
U_228403,2
U_287699,2
U_293834,2
U_295422,2
U_298640,2
U_300546,2
U_304281,2
U_312678,2
U_317694,2
U_326163,2
U_326447,2
U_4178,2
U_4672,2
U_16431,2
U_18103,2
U_25145,2
U_30117,2
U_37811,2
U_42205,2
U_44070,2
U_58635,2
U_63006,2
U_70422,2
U_84617,2
U_96275,2
U_96400,2
U_102122,2
U_105466,2
U_114668,2
U_120850,2
U_121316,2
U_142285,2
U_151120,2
U_155120,2
U_158680,2
U_201944,2
U_202477,2
U_208288,2
U_223676,2
U_259987,2
U_280054,2
U_297677,2
U_304129,2
U_304328,2
U_307903,2
U_311523,2
U_317743,2
U_318631,2
U_151,2
U_3165,2
U_3817,2
U_15067,2
U_38241,2
U_80654,2
U_87360,2
U_98834,2
U_102876,2
U_104566,2
U_109838,2
U_122257,2
U_128617,2
U_131528,2
U_153821,2
U_168039,2
U_182083,2
U_190741,2
U_191592,2
U_219433,2
U_221613,2
U_235351,2
U_239865,2
U_240693,2
U_258056,2
U_298428,2
U_300749,2
U_303481,2
U_317057,2
U_318748,2
U_37669,2
U_42527,2
U_48605,2
U_52257,2
U_61860,2
U_63908,2
U_106760,2
U_165993,2
U_194914,2
U_202467,2
U_229192,2
U_234482,2
U_286694,2
U_318525,2
U_330464,2
U_26138,2
U_32715,2
U_35037,2
U_41737,2
U_102902,2
U_107955,2
U_202090,2
U_69706,2
U_528,2
U_3323,2
U_4757,2
U_5182,2
U_7685,2
U_8132,2
U_10000,2
U_17637,2
U_22901,2
U_25296,2
U_25942,2
U_25996,2
U_32152,2
U_36930,2
U_48876,2
U_49413,2
U_57425,2
U_59980,2
U_63958,2
U_73213,2
U_74549,2
U_75992,2
U_77590,2
U_79502,2
U_81369,2
U_87745,2
U_89319,2
U_94160,2
U_104580,2
U_108418,2
U_110960,2
U_112214,2
U_114492,2
U_118013,2
U_119668,2
U_137613,2
U_148279,2
U_161650,2
U_167305,2
U_170054,2
U_173430,2
U_177900,2
U_190011,2
U_191228,2
U_192729,2
U_194982,2
U_196871,2
U_202466,2
U_211752,2
U_213124,2
U_213195,2
U_220003,2
U_228983,2
U_257167,2
U_258889,2
U_277108,2
U_279169,2
U_304304,2
U_305480,2
U_329894,2
U_531,2
U_1147,2
U_2839,2
U_5597,2
U_9897,2
U_11126,2
U_17767,2
U_18810,2
U_22154,2
U_24235,2
U_24477,2
U_31497,2
U_32319,2
U_33820,2
U_35555,2
U_37620,2
U_39122,2
U_45549,2
U_46183,2
U_49362,2
U_52281,2
U_55275,2
U_57337,2
U_58830,2
U_63996,2
U_73152,2
U_75641,2
U_79374,2
U_86763,2
U_96403,2
U_98282,2
U_103790,2
U_104420,2
U_105607,2
U_106584,2
U_107699,2
U_108445,2
U_112278,2
U_134569,2
U_140285,2
U_148376,2
U_155902,2
U_155920,2
U_157068,2
U_161738,2
U_163751,2
U_164049,2
U_164154,2
U_175230,2
U_190060,2
U_190954,2
U_193332,2
U_196531,2
U_202436,2
U_206452,2
U_213186,2
U_227399,2
U_238567,2
U_248382,2
U_259339,2
U_265732,2
U_275092,2
U_284350,2
U_304279,2
U_304621,2
U_325727,2
U_326458,2
U_327710,2
U_329681,2
U_895,2
U_7943,2
U_24013,2
U_25313,2
U_29546,2
U_42651,2
U_44415,2
U_47700,2
U_50134,2
U_55580,2
U_56965,2
U_60350,2
U_63829,2
U_71627,2
U_78060,2
U_80937,2
U_84523,2
U_96242,2
U_96885,2
U_97265,2
U_101481,2
U_101911,2
U_104564,2
U_108819,2
U_111374,2
U_123877,2
U_127567,2
U_130293,2
U_137160,2
U_147943,2
U_154068,2
U_156321,2
U_160639,2
U_191935,2
U_193075,2
U_197103,2
U_210298,2
U_212539,2
U_213166,2
U_227660,2
U_229187,2
U_255206,2
U_270095,2
U_279130,2
U_293866,2
U_294476,2
U_294513,2
U_294525,2
U_298415,2
U_304289,2
U_304299,2
U_304361,2
U_310224,2
U_311911,2
U_318585,2
U_318826,2
U_324289,2
U_327158,2
U_331664,2
U_7026,2
U_9352,2
U_9988,2
U_18159,2
U_34161,2
U_35816,2
U_37256,2
U_38483,2
U_51362,2
U_57880,2
U_81075,2
U_83622,2
U_83717,2
U_91221,2
U_94092,2
U_94221,2
U_96351,2
U_98746,2
U_127457,2
U_145297,2
U_169596,2
U_190656,2
U_195654,2
U_198262,2
U_198302,2
U_199979,2
U_206846,2
U_213169,2
U_219455,2
U_220058,2
U_222866,2
U_231164,2
U_244168,2
U_251705,2
U_266965,2
U_280792,2
U_294579,2
U_304284,2
U_304302,2
U_304305,2
U_304342,2
U_305917,2
U_311043,2
U_315787,2
U_318809,2
U_323432,2
U_8874,2
U_11785,2
U_12016,2
U_14462,2
U_35883,2
U_49513,2
U_72831,2
U_81951,2
U_84915,2
U_84970,2
U_85314,2
U_91268,2
U_96164,2
U_96466,2
U_120324,2
U_135487,2
U_145164,2
U_152783,2
U_159310,2
U_186363,2
U_189811,2
U_204391,2
U_204754,2
U_215207,2
U_223606,2
U_232039,2
U_260062,2
U_285441,2
U_287738,2
U_294483,2
U_304339,2
U_326730,2
U_332114,2
U_437,2
U_4982,2
U_7530,2
U_15832,2
U_44831,2
U_46417,2
U_49191,2
U_52274,2
U_54075,2
U_46106,2
U_81638,2
U_90300,2
U_90839,2
U_104507,2
U_119000,2
U_120332,2
U_121847,2
U_125391,2
U_133746,2
U_149195,2
U_207416,2
U_229702,2
U_244160,2
U_298173,2
U_303352,2
U_304040,2
U_315528,2
U_48245,2
U_57458,2
U_86839,2
U_112504,2
U_143019,2
U_273562,2
U_304086,2
U_35047,2
U_42524,2
U_119824,2
U_271583,2
U_277988,2
U_279547,2
U_78432,2
U_54229,2
U_212,2
U_1581,2
U_1868,2
U_4666,2
U_6089,2
U_11093,2
U_11835,2
U_14493,2
U_14970,2
U_17632,2
U_19857,2
U_20128,2
U_20643,2
U_20985,2
U_21975,2
U_22245,2
U_25239,2
U_27004,2
U_36837,2
U_42414,2
U_43132,2
U_50580,2
U_51374,2
U_54771,2
U_78872,2
U_82470,2
U_84943,2
U_89263,2
U_90941,2
U_92538,2
U_94775,2
U_103547,2
U_119849,2
U_129962,2
U_130480,2
U_133573,2
U_134616,2
U_142449,2
U_147083,2
U_155271,2
U_156591,2
U_157791,2
U_159993,2
U_163074,2
U_163177,2
U_190020,2
U_195896,2
U_204173,2
U_208120,2
U_213213,2
U_216176,2
U_218928,2
U_258584,2
U_262204,2
U_266904,2
U_266918,2
U_276246,2
U_294517,2
U_296977,2
U_300783,2
U_303065,2
U_304082,2
U_304118,2
U_304326,2
U_304351,2
U_305648,2
U_321914,2
U_3673,2
U_6776,2
U_7008,2
U_9466,2
U_9980,2
U_11223,2
U_12123,2
U_12388,2
U_25275,2
U_25512,2
U_26508,2
U_28879,2
U_29004,2
U_29027,2
U_34261,2
U_34645,2
U_35336,2
U_53713,2
U_57191,2
U_57421,2
U_59986,2
U_67837,2
U_70378,2
U_77632,2
U_81868,2
U_84111,2
U_89925,2
U_90689,2
U_90826,2
U_103524,2
U_108437,2
U_115415,2
U_120137,2
U_124094,2
U_137612,2
U_138160,2
U_140332,2
U_156348,2
U_158876,2
U_168452,2
U_178071,2
U_188293,2
U_190100,2
U_192367,2
U_196017,2
U_205935,2
U_213204,2
U_213214,2
U_214037,2
U_232290,2
U_242644,2
U_260897,2
U_263798,2
U_267424,2
U_273751,2
U_276196,2
U_277274,2
U_282136,2
U_290070,2
U_290289,2
U_294000,2
U_294510,2
U_296946,2
U_297181,2
U_299643,2
U_304075,2
U_304277,2
U_304360,2
U_304378,2
U_312990,2
U_318556,2
U_321817,2
U_330221,2
U_333652,2
U_159,2
U_299,2
U_1061,2
U_1294,2
U_3793,2
U_10044,2
U_14915,2
U_26712,2
U_27135,2
U_28317,2
U_35203,2
U_47945,2
U_48599,2
U_49330,2
U_49403,2
U_51020,2
U_51806,2
U_56041,2
U_57636,2
U_60756,2
U_62520,2
U_68151,2
U_72870,2
U_75044,2
U_82372,2
U_98641,2
U_104949,2
U_110650,2
U_113820,2
U_119004,2
U_123585,2
U_133269,2
U_146281,2
U_159332,2
U_124191,2
U_208323,2
U_210152,2
U_213215,2
U_215296,2
U_222239,2
U_226696,2
U_234137,2
U_258347,2
U_265884,2
U_266853,2
U_275865,2
U_294469,2
U_294491,2
U_294516,2
U_309640,2
U_312436,2
U_9867,2
U_39404,2
U_42045,2
U_47947,2
U_56737,2
U_57467,2
U_60622,2
U_74392,2
U_76026,2
U_81505,2
U_89224,2
U_90418,2
U_94574,2
U_103488,2
U_108897,2
U_115064,2
U_128045,2
U_131914,2
U_140476,2
U_190729,2
U_193801,2
U_200357,2
U_203729,2
U_207644,2
U_211058,2
U_212592,2
U_213148,2
U_213150,2
U_232279,2
U_233534,2
U_260856,2
U_275124,2
U_278602,2
U_294543,2
U_300835,2
U_304107,2
U_304321,2
U_311172,2
U_321619,2
U_2747,2
U_4136,2
U_5632,2
U_11811,2
U_11920,2
U_46006,2
U_49036,2
U_54608,2
U_59611,2
U_80870,2
U_81816,2
U_91846,2
U_98628,2
U_104613,2
U_104841,2
U_108110,2
U_108499,2
U_119063,2
U_123630,2
U_138081,2
U_159626,2
U_162259,2
U_170963,2
U_199422,2
U_213192,2
U_228374,2
U_239383,2
U_277727,2
U_294547,2
U_303344,2
U_304074,2
U_304292,2
U_304303,2
U_304320,2
U_306948,2
U_317718,2
U_318584,2
U_321790,2
U_321923,2
U_327809,2
U_34859,2
U_49426,2
U_50254,2
U_52000,2
U_78115,2
U_80640,2
U_81553,2
U_85506,2
U_85852,2
U_94529,2
U_95020,2
U_108864,2
U_131295,2
U_136695,2
U_153480,2
U_156354,2
U_158202,2
U_163191,2
U_216566,2
U_220005,2
U_229784,2
U_331997,2
U_5559,2
U_5996,2
U_9338,2
U_64784,2
U_79882,2
U_84453,2
U_91762,2
U_118606,2
U_123656,2
U_158961,2
U_206822,2
U_294481,2
U_56588,2
U_64545,2
U_81658,2
U_84151,2
U_203668,2
U_264015,2
U_291255,2
U_55598,2
U_299488,2
U_304352,2
U_11916,2
U_591,2
U_9726,2
U_17740,2
U_21114,2
U_25515,2
U_26460,2
U_32261,2
U_36547,2
U_44429,2
U_44852,2
U_46429,2
U_47828,2
U_57003,2
U_57555,2
U_62604,2
U_67537,2
U_73996,2
U_77604,2
U_79067,2
U_80621,2
U_81175,2
U_81180,2
U_81457,2
U_81572,2
U_83477,2
U_83989,2
U_84028,2
U_84610,2
U_86939,2
U_87487,2
U_95038,2
U_96596,2
U_98412,2
U_103659,2
U_106920,2
U_111282,2
U_112498,2
U_134664,2
U_138071,2
U_148016,2
U_155711,2
U_163948,2
U_178256,2
U_198578,2
U_210012,2
U_210163,2
U_219247,2
U_222847,2
U_227015,2
U_234474,2
U_242928,2
U_252167,2
U_267015,2
U_283830,2
U_288582,2
U_292155,2
U_294498,2
U_294504,2
U_298467,2
U_304300,2
U_304309,2
U_304313,2
U_304332,2
U_306892,2
U_310266,2
U_312036,2
U_317275,2
U_317817,2
U_318781,2
U_318856,2
U_318975,2
U_326437,2
U_777,2
U_1837,2
U_6543,2
U_9717,2
U_27094,2
U_28488,2
U_30681,2
U_32768,2
U_32998,2
U_41551,2
U_43529,2
U_47877,2
U_49373,2
U_50124,2
U_51141,2
U_52106,2
U_54050,2
U_55607,2
U_56603,2
U_58331,2
U_60593,2
U_75072,2
U_81933,2
U_88282,2
U_89130,2
U_90875,2
U_102998,2
U_103540,2
U_104057,2
U_104207,2
U_105491,2
U_107936,2
U_109773,2
U_139168,2
U_145894,2
U_147993,2
U_151677,2
U_156995,2
U_161142,2
U_163211,2
U_192696,2
U_202445,2
U_213168,2
U_214052,2
U_228692,2
U_243919,2
U_256512,2
U_273544,2
U_288496,2
U_288654,2
U_289279,2
U_293154,2
U_304329,2
U_312028,2
U_315522,2
U_318848,2
U_323278,2
U_326272,2
U_326494,2
U_326705,2
U_326896,2
U_331288,2
U_332498,2
U_333235,2
U_1596,2
U_8007,2
U_14897,2
U_17667,2
U_20480,2
U_36756,2
U_38021,2
U_42127,2
U_42324,2
U_47645,2
U_48159,2
U_49187,2
U_65302,2
U_77748,2
U_81530,2
U_86091,2
U_91165,2
U_91232,2
U_93194,2
U_94145,2
U_122194,2
U_123509,2
U_150368,2
U_152791,2
U_159280,2
U_159908,2
U_159994,2
U_164212,2
U_167451,2
U_174078,2
U_177757,2
U_137859,2
U_213181,2
U_213202,2
U_213217,2
U_215267,2
U_230622,2
U_231527,2
U_234665,2
U_242992,2
U_250067,2
U_254507,2
U_255107,2
U_255373,2
U_255401,2
U_258877,2
U_282367,2
U_295806,2
U_304285,2
U_304296,2
U_304307,2
U_306086,2
U_322641,2
U_323421,2
U_4307,2
U_9314,2
U_21777,2
U_50459,2
U_52157,2
U_70465,2
U_71496,2
U_74624,2
U_80041,2
U_84275,2
U_85653,2
U_87653,2
U_93564,2
U_93999,2
U_110184,2
U_111777,2
U_114636,2
U_143322,2
U_144164,2
U_148171,2
U_159370,2
U_169942,2
U_173682,2
U_182711,2
U_193355,2
U_212297,2
U_213120,2
U_213135,2
U_219232,2
U_219953,2
U_222566,2
U_226055,2
U_230314,2
U_234345,2
U_267065,2
U_273673,2
U_286885,2
U_288761,2
U_290710,2
U_304297,2
U_304331,2
U_311143,2
U_317305,2
U_322595,2
U_326013,2
U_326302,2
U_332216,2
U_977,2
U_2659,2
U_5625,2
U_17581,2
U_17694,2
U_20295,2
U_25878,2
U_41398,2
U_46306,2
U_78156,2
U_79509,2
U_84169,2
U_86605,2
U_88928,2
U_99790,2
U_113364,2
U_170803,2
U_212762,2
U_216047,2
U_252549,2
U_286828,2
U_289193,2
U_294473,2
U_294500,2
U_294512,2
U_300656,2
U_320899,2
U_329711,2
U_976,2
U_3132,2
U_10062,2
U_10426,2
U_22280,2
U_23489,2
U_25430,2
U_35862,2
U_41816,2
U_49541,2
U_52520,2
U_58397,2
U_59815,2
U_64097,2
U_81726,2
U_103283,2
U_106718,2
U_124549,2
U_134433,2
U_177189,2
U_200327,2
U_203750,2
U_210027,2
U_221170,2
U_262154,2
U_267455,2
U_287720,2
U_297213,2
U_297219,2
U_321211,2
U_243,2
U_10930,2
U_25960,2
U_49063,2
U_58685,2
U_91862,2
U_107395,2
U_123807,2
U_205776,2
U_252041,2
U_258702,2
U_276873,2
U_294918,2
U_304200,2
U_121985,2
U_299077,2
U_41529,2
U_2097,2
U_2255,2
U_3091,2
U_3345,2
U_9260,2
U_17758,2
U_21832,2
U_23164,2
U_24243,2
U_25253,2
U_26404,2
U_30351,2
U_36066,2
U_37726,2
U_41876,2
U_43396,2
U_52834,2
U_56590,2
U_60693,2
U_66157,2
U_69571,2
U_73282,2
U_74579,2
U_78664,2
U_84050,2
U_85341,2
U_90231,2
U_92411,2
U_92619,2
U_100838,2
U_109968,2
U_118422,2
U_124787,2
U_150337,2
U_150568,2
U_154898,2
U_158168,2
U_159358,2
U_161251,2
U_161677,2
U_190103,2
U_196424,2
U_203794,2
U_213189,2
U_213200,2
U_227853,2
U_247181,2
U_252893,2
U_253050,2
U_260020,2
U_294478,2
U_294482,2
U_299973,2
U_303689,2
U_304068,2
U_304315,2
U_304350,2
U_308025,2
U_319699,2
U_319750,2
U_330022,2
U_333816,2
U_104,2
U_3763,2
U_3984,2
U_7176,2
U_10074,2
U_11931,2
U_12606,2
U_13022,2
U_17695,2
U_24263,2
U_29165,2
U_30971,2
U_32252,2
U_32312,2
U_35333,2
U_44964,2
U_48170,2
U_49875,2
U_52366,2
U_57422,2
U_63814,2
U_74394,2
U_80061,2
U_90664,2
U_103844,2
U_106864,2
U_108462,2
U_110010,2
U_113315,2
U_119662,2
U_121991,2
U_122514,2
U_122980,2
U_125397,2
U_131464,2
U_143400,2
U_146927,2
U_147532,2
U_152520,2
U_156276,2
U_156309,2
U_156330,2
U_159317,2
U_161637,2
U_164071,2
U_170451,2
U_172305,2
U_191870,2
U_197720,2
U_213197,2
U_222210,2
U_226967,2
U_227565,2
U_264982,2
U_272024,2
U_272296,2
U_284428,2
U_288573,2
U_289849,2
U_289958,2
U_297614,2
U_304344,2
U_305278,2
U_305407,2
U_306127,2
U_311232,2
U_312904,2
U_313740,2
U_317795,2
U_318847,2
U_328918,2
U_330877,2
U_1593,2
U_3024,2
U_7784,2
U_7908,2
U_8209,2
U_9401,2
U_26810,2
U_39143,2
U_44801,2
U_48762,2
U_53531,2
U_59283,2
U_75079,2
U_79480,2
U_80003,2
U_81721,2
U_86070,2
U_86402,2
U_88944,2
U_95319,2
U_103627,2
U_104337,2
U_106290,2
U_108800,2
U_111258,2
U_115469,2
U_124039,2
U_130294,2
U_131354,2
U_135286,2
U_141612,2
U_146077,2
U_154961,2
U_155176,2
U_156370,2
U_157779,2
U_169134,2
U_180765,2
U_187611,2
U_188297,2
U_190022,2
U_193424,2
U_202666,2
U_206437,2
U_225943,2
U_228436,2
U_243432,2
U_253141,2
U_259101,2
U_274278,2
U_284549,2
U_303314,2
U_304042,2
U_304283,2
U_317819,2
U_318602,2
U_321971,2
U_331609,2
U_413,2
U_1192,2
U_4036,2
U_30595,2
U_35969,2
U_40015,2
U_50721,2
U_51205,2
U_54086,2
U_55640,2
U_61754,2
U_67926,2
U_71500,2
U_78043,2
U_81294,2
U_81577,2
U_83577,2
U_90764,2
U_103552,2
U_111633,2
U_114409,2
U_142724,2
U_159379,2
U_184719,2
U_209987,2
U_213128,2
U_214316,2
U_230458,2
U_261786,2
U_265874,2
U_290122,2
U_297234,2
U_302839,2
U_307162,2
U_315552,2
U_318609,2
U_318776,2
U_318883,2
U_203,2
U_11889,2
U_15332,2
U_20245,2
U_24262,2
U_25990,2
U_36092,2
U_42377,2
U_51950,2
U_61236,2
U_64067,2
U_68088,2
U_68878,2
U_81649,2
U_82897,2
U_90765,2
U_91287,2
U_107358,2
U_111392,2
U_112228,2
U_117307,2
U_117756,2
U_133921,2
U_155511,2
U_160816,2
U_161200,2
U_201168,2
U_205820,2
U_213162,2
U_241568,2
U_253883,2
U_257976,2
U_279524,2
U_294471,2
U_294530,2
U_300737,2
U_304347,2
U_305610,2
U_318640,2
U_1205,2
U_5100,2
U_5240,2
U_8918,2
U_14306,2
U_36717,2
U_38342,2
U_39859,2
U_58941,2
U_87305,2
U_98196,2
U_99207,2
U_110640,2
U_127573,2
U_161757,2
U_164286,2
U_180763,2
U_222961,2
U_231671,2
U_272293,2
U_278599,2
U_294475,2
U_304316,2
U_304354,2
U_307495,2
U_10159,2
U_14325,2
U_26137,2
U_30417,2
U_36617,2
U_41850,2
U_43783,2
U_58900,2
U_97415,2
U_103681,2
U_130217,2
U_140918,2
U_166825,2
U_276300,2
U_304310,2
U_304335,2
U_312230,2
U_315588,2
U_15302,2
U_79145,2
U_95175,2
U_108003,2
U_155229,2
U_69207,2
U_318702,2
U_1163,2
U_2789,2
U_8672,2
U_10299,2
U_10852,2
U_13157,2
U_13530,2
U_16132,2
U_26482,2
U_27941,2
U_30375,2
U_31636,2
U_36038,2
U_49528,2
U_54695,2
U_55499,2
U_43620,2
U_65971,2
U_72813,2
U_75648,2
U_90893,2
U_93154,2
U_106576,2
U_122278,2
U_123238,2
U_123544,2
U_132110,2
U_132111,2
U_138144,2
U_155582,2
U_157970,2
U_158626,2
U_161258,2
U_166441,2
U_167461,2
U_168507,2
U_179517,2
U_190678,2
U_192241,2
U_195868,2
U_196890,2
U_203649,2
U_203688,2
U_204594,2
U_208144,2
U_213134,2
U_215878,2
U_221418,2
U_232434,2
U_234678,2
U_254342,2
U_256198,2
U_256600,2
U_269360,2
U_272340,2
U_275880,2
U_294570,2
U_297075,2
U_301191,2
U_304102,2
U_304318,2
U_304353,2
U_308018,2
U_311901,2
U_315638,2
U_316665,2
U_324964,2
U_331867,2
U_4604,2
U_9043,2
U_9435,2
U_10118,2
U_18646,2
U_21695,2
U_21775,2
U_25870,2
U_27865,2
U_36128,2
U_42542,2
U_47891,2
U_48017,2
U_57372,2
U_59926,2
U_80564,2
U_90598,2
U_96440,2
U_106986,2
U_108272,2
U_110948,2
U_116966,2
U_126100,2
U_138064,2
U_138075,2
U_145875,2
U_154897,2
U_170259,2
U_176072,2
U_191096,2
U_195860,2
U_207111,2
U_218693,2
U_241585,2
U_243119,2
U_250042,2
U_253762,2
U_258139,2
U_265693,2
U_272742,2
U_285646,2
U_294528,2
U_299753,2
U_304293,2
U_304306,2
U_304317,2
U_314705,2
U_315541,2
U_315640,2
U_317659,2
U_328891,2
U_1528,2
U_7011,2
U_9832,2
U_18782,2
U_24265,2
U_37654,2
U_55353,2
U_57645,2
U_58582,2
U_59242,2
U_59991,2
U_60155,2
U_71396,2
U_78096,2
U_83558,2
U_84512,2
U_87978,2
U_90192,2
U_90470,2
U_90795,2
U_94027,2
U_98243,2
U_108280,2
U_114842,2
U_117747,2
U_123353,2
U_131804,2
U_133267,2
U_133285,2
U_137984,2
U_138186,2
U_148212,2
U_159330,2
U_162180,2
U_164221,2
U_166002,2
U_159376,2
U_197007,2
U_218903,2
U_229051,2
U_246320,2
U_246390,2
U_261931,2
U_261986,2
U_267458,2
U_279541,2
U_284445,2
U_284697,2
U_287158,2
U_294538,2
U_304123,2
U_314050,2
U_314416,2
U_318917,2
U_329188,2
U_332174,2
U_922,2
U_2023,2
U_15523,2
U_17848,2
U_24247,2
U_26634,2
U_37786,2
U_41288,2
U_41776,2
U_47879,2
U_55436,2
U_57769,2
U_73183,2
U_75708,2
U_84638,2
U_84825,2
U_90504,2
U_90678,2
U_95318,2
U_96869,2
U_105719,2
U_106570,2
U_109042,2
U_111286,2
U_115274,2
U_120373,2
U_142378,2
U_143588,2
U_146871,2
U_159730,2
U_180331,2
U_194284,2
U_211062,2
U_215220,2
U_215329,2
U_224699,2
U_240465,2
U_263459,2
U_269719,2
U_281203,2
U_281268,2
U_294506,2
U_306907,2
U_8269,2
U_9278,2
U_14727,2
U_25854,2
U_49416,2
U_58605,2
U_70711,2
U_72179,2
U_81315,2
U_88242,2
U_111238,2
U_111271,2
U_115290,2
U_127656,2
U_165396,2
U_190629,2
U_221025,2
U_242043,2
U_247784,2
U_250657,2
U_262147,2
U_266111,2
U_267865,2
U_294503,2
U_294533,2
U_304099,2
U_306199,2
U_327784,2
U_13526,2
U_56913,2
U_57462,2
U_104641,2
U_119418,2
U_123644,2
U_130124,2
U_170024,2
U_172063,2
U_213182,2
U_238258,2
U_254253,2
U_256764,2
U_262311,2
U_265626,2
U_273542,2
U_273874,2
U_280738,2
U_297091,2
U_304311,2
U_11400,2
U_15471,2
U_33620,2
U_83293,2
U_114840,2
U_132132,2
U_225641,2
U_236476,2
U_269255,2
U_279504,2
U_281231,2
U_303660,2
U_326931,2
U_3173,2
U_78526,2
U_469,3
U_1236,3
U_2301,3
U_2518,3
U_3170,3
U_4865,3
U_5804,3
U_27866,3
U_37513,3
U_41291,3
U_48186,3
U_49253,3
U_63390,3
U_78799,3
U_88898,3
U_90637,3
U_100590,3
U_100716,3
U_141751,3
U_151643,3
U_157744,3
U_181254,3
U_187027,3
U_204616,3
U_214190,3
U_226787,3
U_226788,3
U_231895,3
U_278066,3
U_279333,3
U_298426,3
U_301700,3
U_302823,3
U_309737,3
U_315548,3
U_316465,3
U_325310,3
U_326244,3
U_330099,3
U_1439,3
U_6343,3
U_14941,3
U_21541,3
U_25303,3
U_31324,3
U_32313,3
U_34036,3
U_42599,3
U_52744,3
U_54746,3
U_59711,3
U_81135,3
U_86417,3
U_89420,3
U_90963,3
U_102392,3
U_103695,3
U_104947,3
U_112494,3
U_119430,3
U_122335,3
U_123527,3
U_124587,3
U_128914,3
U_138734,3
U_157955,3
U_159360,3
U_199385,3
U_209128,3
U_213702,3
U_232844,3
U_245285,3
U_262149,3
U_266859,3
U_272342,3
U_286758,3
U_290112,3
U_299667,3
U_306959,3
U_307604,3
U_311486,3
U_317780,3
U_332525,3
U_1949,3
U_6668,3
U_61795,3
U_62970,3
U_62991,3
U_64180,3
U_77801,3
U_83698,3
U_100782,3
U_102699,3
U_128775,3
U_164119,3
U_177414,3
U_90446,3
U_210286,3
U_215392,3
U_217276,3
U_225306,3
U_284371,3
U_288195,3
U_297162,3
U_300374,3
U_314876,3
U_326094,3
U_2927,3
U_5492,3
U_14369,3
U_18338,3
U_47326,3
U_54591,3
U_59941,3
U_67816,3
U_89871,3
U_154899,3
U_170091,3
U_257799,3
U_291605,3
U_298129,3
U_311971,3
U_317286,3
U_9576,3
U_35250,3
U_39113,3
U_46259,3
U_37748,3
U_96244,3
U_108302,3
U_227093,3
U_259042,3
U_304131,3
U_33968,3
U_94131,3
U_133812,3
U_213589,3
U_294477,3
U_60058,3
U_99761,3
U_242,3
U_1935,3
U_2434,3
U_3145,3
U_4426,3
U_4576,3
U_10226,3
U_10424,3
U_15777,3
U_16100,3
U_25301,3
U_34001,3
U_52783,3
U_58634,3
U_63273,3
U_71623,3
U_77309,3
U_85406,3
U_88302,3
U_96183,3
U_96665,3
U_102239,3
U_103881,3
U_105051,3
U_106085,3
U_114651,3
U_137873,3
U_147060,3
U_190974,3
U_197770,3
U_208142,3
U_210882,3
U_212531,3
U_217700,3
U_222527,3
U_277114,3
U_277546,3
U_292585,3
U_293905,3
U_304414,3
U_306526,3
U_318544,3
U_5820,3
U_12497,3
U_15488,3
U_16934,3
U_17693,3
U_31794,3
U_35105,3
U_35176,3
U_38110,3
U_64863,3
U_69564,3
U_72065,3
U_82397,3
U_82937,3
U_91496,3
U_93428,3
U_98586,3
U_106836,3
U_114744,3
U_163239,3
U_183816,3
U_205773,3
U_226494,3
U_265437,3
U_311542,3
U_319063,3
U_2815,3
U_14117,3
U_60297,3
U_66500,3
U_69480,3
U_80140,3
U_81646,3
U_84670,3
U_90168,3
U_96540,3
U_106313,3
U_114084,3
U_146729,3
U_155212,3
U_163288,3
U_188283,3
U_91319,3
U_200289,3
U_226825,3
U_257926,3
U_266735,3
U_284548,3
U_331995,3
U_8508,3
U_54752,3
U_59367,3
U_85752,3
U_90836,3
U_90894,3
U_102505,3
U_104933,3
U_155568,3
U_162171,3
U_196199,3
U_208420,3
U_209086,3
U_216887,3
U_259017,3
U_276289,3
U_311300,3
U_317266,3
U_17308,3
U_36501,3
U_41542,3
U_48433,3
U_56216,3
U_69861,3
U_103637,3
U_105445,3
U_123672,3
U_135430,3
U_159362,3
U_184254,3
U_199291,3
U_263634,3
U_275589,3
U_315704,3
U_60086,3
U_81477,3
U_93401,3
U_146801,3
U_233377,3
U_193,3
U_1572,3
U_3007,3
U_3480,3
U_4436,3
U_5375,3
U_9735,3
U_9787,3
U_10377,3
U_21172,3
U_23318,3
U_25326,3
U_35376,3
U_36755,3
U_53501,3
U_57641,3
U_64152,3
U_65326,3
U_65957,3
U_75756,3
U_78027,3
U_81852,3
U_84522,3
U_84872,3
U_98738,3
U_103201,3
U_105715,3
U_106739,3
U_115304,3
U_117189,3
U_119656,3
U_154768,3
U_167697,3
U_176831,3
U_181765,3
U_199714,3
U_202787,3
U_208690,3
U_227798,3
U_255622,3
U_262959,3
U_266687,3
U_276439,3
U_282074,3
U_285636,3
U_291315,3
U_293673,3
U_305711,3
U_314864,3
U_314925,3
U_315636,3
U_326116,3
U_1604,3
U_1669,3
U_1900,3
U_3445,3
U_9418,3
U_10015,3
U_27920,3
U_41535,3
U_48143,3
U_57408,3
U_58249,3
U_62632,3
U_69042,3
U_83902,3
U_84118,3
U_86278,3
U_90802,3
U_93195,3
U_98904,3
U_101477,3
U_104358,3
U_115980,3
U_138348,3
U_143612,3
U_146091,3
U_149524,3
U_156336,3
U_175157,3
U_187515,3
U_195874,3
U_285954,3
U_291048,3
U_292360,3
U_297819,3
U_301558,3
U_303002,3
U_311047,3
U_318558,3
U_326854,3
U_333254,3
U_123,3
U_783,3
U_2808,3
U_27602,3
U_28534,3
U_69265,3
U_82117,3
U_82140,3
U_87212,3
U_94457,3
U_124852,3
U_149128,3
U_159206,3
U_159915,3
U_168551,3
U_196559,3
U_218616,3
U_236529,3
U_251030,3
U_302106,3
U_313442,3
U_7953,3
U_56613,3
U_59830,3
U_108796,3
U_111242,3
U_131772,3
U_174685,3
U_223822,3
U_228214,3
U_253133,3
U_333948,3
U_42749,3
U_118794,3
U_161728,3
U_272290,3
U_314792,3
U_326465,3
U_327839,3
U_332517,3
U_25782,3
U_27316,3
U_42336,3
U_48146,3
U_96450,3
U_166803,3
U_217266,3
U_241724,3
U_332325,3
U_129,3
U_170,3
U_1290,3
U_1830,3
U_3755,3
U_4391,3
U_9012,3
U_9801,3
U_12644,3
U_14667,3
U_25207,3
U_26140,3
U_54703,3
U_54607,3
U_65105,3
U_65324,3
U_66473,3
U_66916,3
U_68684,3
U_79813,3
U_80327,3
U_82843,3
U_87277,3
U_87462,3
U_91148,3
U_92415,3
U_93209,3
U_96330,3
U_98523,3
U_98543,3
U_102496,3
U_104907,3
U_109712,3
U_115896,3
U_134028,3
U_138940,3
U_145094,3
U_155592,3
U_156559,3
U_156814,3
U_161562,3
U_164183,3
U_170867,3
U_188278,3
U_196357,3
U_239419,3
U_250057,3
U_254994,3
U_259117,3
U_266854,3
U_273870,3
U_283774,3
U_306413,3
U_313097,3
U_317032,3
U_325716,3
U_2123,3
U_2862,3
U_4645,3
U_7813,3
U_8872,3
U_9964,3
U_14574,3
U_19558,3
U_27374,3
U_32230,3
U_37075,3
U_38424,3
U_47899,3
U_48136,3
U_53747,3
U_59877,3
U_62220,3
U_68756,3
U_82303,3
U_91228,3
U_102353,3
U_106090,3
U_116978,3
U_118072,3
U_128955,3
U_130312,3
U_146646,3
U_149142,3
U_156126,3
U_163772,3
U_163868,3
U_165789,3
U_181872,3
U_181911,3
U_193669,3
U_197110,3
U_200974,3
U_205785,3
U_212407,3
U_242871,3
U_251503,3
U_272320,3
U_310231,3
U_315660,3
U_326820,3
U_330776,3
U_1472,3
U_4430,3
U_7861,3
U_8722,3
U_14803,3
U_18798,3
U_24436,3
U_25548,3
U_32858,3
U_37645,3
U_46704,3
U_49382,3
U_60615,3
U_65299,3
U_89198,3
U_90170,3
U_90467,3
U_99773,3
U_101158,3
U_103650,3
U_104234,3
U_105415,3
U_107171,3
U_111251,3
U_121347,3
U_142458,3
U_153704,3
U_177776,3
U_187520,3
U_188782,3
U_33024,3
U_217787,3
U_221572,3
U_222219,3
U_224832,3
U_260857,3
U_266959,3
U_272963,3
U_277669,3
U_282220,3
U_306769,3
U_1982,3
U_3205,3
U_12406,3
U_25231,3
U_47929,3
U_51357,3
U_54956,3
U_59373,3
U_99394,3
U_105015,3
U_106814,3
U_109676,3
U_182503,3
U_252890,3
U_257446,3
U_258894,3
U_308927,3
U_309434,3
U_317682,3
U_2826,3
U_15230,3
U_29400,3
U_42381,3
U_59395,3
U_140880,3
U_171142,3
U_192720,3
U_202571,3
U_226981,3
U_298047,3
U_322152,3
U_325654,3
U_14845,3
U_92842,3
U_157975,3
U_245600,3
U_262654,3
U_25864,3
U_119,3
U_818,3
U_972,3
U_1761,3
U_10051,3
U_11202,3
U_11680,3
U_24043,3
U_24485,3
U_25237,3
U_25987,3
U_26472,3
U_29170,3
U_31460,3
U_41436,3
U_42975,3
U_46651,3
U_56739,3
U_60028,3
U_74703,3
U_78193,3
U_78623,3
U_81953,3
U_83831,3
U_83870,3
U_85396,3
U_89335,3
U_98581,3
U_121554,3
U_124226,3
U_132591,3
U_137998,3
U_144649,3
U_146763,3
U_155705,3
U_162027,3
U_166996,3
U_190048,3
U_192723,3
U_197711,3
U_206798,3
U_230904,3
U_237904,3
U_238541,3
U_254913,3
U_263342,3
U_272298,3
U_310428,3
U_8861,3
U_15859,3
U_27548,3
U_29029,3
U_30692,3
U_32382,3
U_33346,3
U_36205,3
U_38425,3
U_42080,3
U_43925,3
U_55614,3
U_51537,3
U_57428,3
U_62820,3
U_66428,3
U_74139,3
U_74524,3
U_78908,3
U_84090,3
U_90871,3
U_93334,3
U_94907,3
U_172608,3
U_176620,3
U_190033,3
U_191157,3
U_203667,3
U_205764,3
U_208259,3
U_225382,3
U_226846,3
U_241490,3
U_248768,3
U_251097,3
U_252074,3
U_253721,3
U_285522,3
U_286714,3
U_292382,3
U_307068,3
U_316615,3
U_322082,3
U_327737,3
U_330270,3
U_11922,3
U_48191,3
U_54954,3
U_61365,3
U_65123,3
U_65789,3
U_70041,3
U_81687,3
U_90695,3
U_104610,3
U_106214,3
U_110199,3
U_111147,3
U_117820,3
U_146309,3
U_162122,3
U_170035,3
U_170230,3
U_177849,3
U_74172,3
U_199049,3
U_213743,3
U_259816,3
U_271185,3
U_276168,3
U_292677,3
U_318576,3
U_328420,3
U_30054,3
U_44082,3
U_45386,3
U_50300,3
U_75490,3
U_87748,3
U_90414,3
U_104496,3
U_112774,3
U_113810,3
U_122210,3
U_142623,3
U_143514,3
U_160086,3
U_192193,3
U_294905,3
U_296645,3
U_299226,3
U_15231,3
U_96603,3
U_105468,3
U_280173,3
U_290403,3
U_312743,3
U_66402,3
U_98688,3
U_206682,3
U_297069,3
U_318805,3
U_234,3
U_280,3
U_1356,3
U_5981,3
U_8462,3
U_9105,3
U_9266,3
U_9745,3
U_10007,3
U_11768,3
U_12118,3
U_17754,3
U_17826,3
U_20310,3
U_29184,3
U_37541,3
U_48258,3
U_50920,3
U_53015,3
U_58000,3
U_64374,3
U_67803,3
U_72056,3
U_78844,3
U_81939,3
U_91856,3
U_94634,3
U_99296,3
U_103741,3
U_104763,3
U_106501,3
U_116908,3
U_118232,3
U_157047,3
U_157805,3
U_159322,3
U_170801,3
U_181493,3
U_190025,3
U_195870,3
U_197889,3
U_220844,3
U_247514,3
U_250143,3
U_251064,3
U_264969,3
U_273922,3
U_282129,3
U_287194,3
U_300692,3
U_304968,3
U_332512,3
U_118,3
U_153,3
U_1197,3
U_1722,3
U_7947,3
U_9007,3
U_9219,3
U_11194,3
U_13318,3
U_15144,3
U_15215,3
U_21138,3
U_22505,3
U_24244,3
U_47832,3
U_49189,3
U_54978,3
U_61301,3
U_64525,3
U_66502,3
U_81122,3
U_90456,3
U_94077,3
U_102030,3
U_102435,3
U_114104,3
U_124398,3
U_146052,3
U_156343,3
U_159316,3
U_159328,3
U_167323,3
U_190101,3
U_190112,3
U_193538,3
U_203832,3
U_204933,3
U_206977,3
U_210633,3
U_217132,3
U_226537,3
U_228238,3
U_229270,3
U_260665,3
U_262309,3
U_266602,3
U_274922,3
U_316161,3
U_322529,3
U_326408,3
U_4675,3
U_26519,3
U_26795,3
U_29383,3
U_38682,3
U_48901,3
U_49149,3
U_49309,3
U_58242,3
U_74765,3
U_77193,3
U_81993,3
U_86798,3
U_88617,3
U_108028,3
U_138024,3
U_187198,3
U_198138,3
U_248691,3
U_252544,3
U_264372,3
U_298755,3
U_299958,3
U_300676,3
U_24517,3
U_46652,3
U_74548,3
U_88769,3
U_257999,3
U_275167,3
U_276441,3
U_277175,3
U_283757,3
U_309077,3
U_313373,3
U_331778,3
U_26512,3
U_54321,3
U_89556,3
U_93214,3
U_103494,3
U_116262,3
U_131331,3
U_164464,3
U_250766,3
U_317491,3
U_27413,3
U_51393,3
U_72197,3
U_199232,3
U_307877,3
U_316639,3
U_36633,3
U_46477,3
U_88590,3
U_63820,3
U_1663,3
U_10683,3
U_15173,3
U_17768,3
U_27256,3
U_32264,3
U_33930,3
U_35564,3
U_41663,3
U_47198,3
U_47243,3
U_48024,3
U_58302,3
U_59359,3
U_64020,3
U_73701,3
U_77942,3
U_79127,3
U_80309,3
U_81448,3
U_91502,3
U_96240,3
U_114405,3
U_115440,3
U_134357,3
U_134382,3
U_135490,3
U_150565,3
U_163766,3
U_170670,3
U_199224,3
U_206978,3
U_213201,3
U_217224,3
U_220664,3
U_240493,3
U_250948,3
U_272348,3
U_279754,3
U_283180,3
U_288400,3
U_318752,3
U_300,3
U_965,3
U_2444,3
U_3160,3
U_6369,3
U_8838,3
U_12152,3
U_17220,3
U_30103,3
U_31265,3
U_34117,3
U_34784,3
U_35383,3
U_68380,3
U_78775,3
U_88938,3
U_104929,3
U_105642,3
U_106225,3
U_116878,3
U_125337,3
U_143076,3
U_147330,3
U_154038,3
U_156201,3
U_159293,3
U_159823,3
U_188814,3
U_191224,3
U_191684,3
U_208877,3
U_210150,3
U_217223,3
U_217265,3
U_241973,3
U_263389,3
U_274306,3
U_279234,3
U_282225,3
U_304087,3
U_315954,3
U_318939,3
U_326285,3
U_1184,3
U_3479,3
U_5187,3
U_9829,3
U_22743,3
U_33859,3
U_49384,3
U_51519,3
U_61309,3
U_64514,3
U_88106,3
U_98047,3
U_103808,3
U_141764,3
U_148041,3
U_169582,3
U_175548,3
U_179312,3
U_191153,3
U_223150,3
U_224272,3
U_225926,3
U_239162,3
U_251015,3
U_257557,3
U_272541,3
U_289924,3
U_292739,3
U_301149,3
U_304287,3
U_317804,3
U_3701,3
U_12115,3
U_13986,3
U_28163,3
U_29577,3
U_30520,3
U_47450,3
U_51494,3
U_51508,3
U_57435,3
U_58942,3
U_81660,3
U_82346,3
U_86264,3
U_102928,3
U_112259,3
U_118562,3
U_170426,3
U_240316,3
U_257919,3
U_291014,3
U_294467,3
U_297369,3
U_304348,3
U_311893,3
U_315577,3
U_13746,3
U_29028,3
U_64014,3
U_155296,3
U_282980,3
U_304410,3
U_318859,3
U_2252,3
U_21190,3
U_95486,3
U_103672,3
U_161338,3
U_194336,3
U_208693,3
U_299669,3
U_117827,3
U_178115,3
U_195837,3
U_279262,3
U_37048,3
U_3836,3
U_3933,3
U_4371,3
U_5221,3
U_6199,3
U_25190,3
U_25197,3
U_34327,3
U_41788,3
U_49222,3
U_54644,3
U_57881,3
U_59411,3
U_62975,3
U_67814,3
U_68241,3
U_76959,3
U_82061,3
U_83705,3
U_86209,3
U_86316,3
U_100239,3
U_102078,3
U_105559,3
U_106665,3
U_107904,3
U_108859,3
U_110021,3
U_110497,3
U_110510,3
U_114555,3
U_115246,3
U_133849,3
U_159472,3
U_165914,3
U_166059,3
U_177031,3
U_194361,3
U_199589,3
U_218844,3
U_229029,3
U_243572,3
U_256204,3
U_289821,3
U_293710,3
U_294994,3
U_297111,3
U_299232,3
U_300696,3
U_305505,3
U_317797,3
U_318294,3
U_318543,3
U_319118,3
U_382,3
U_8759,3
U_10077,3
U_13729,3
U_21020,3
U_35522,3
U_35640,3
U_38280,3
U_49388,3
U_49406,3
U_51751,3
U_57857,3
U_59775,3
U_62990,3
U_70091,3
U_85356,3
U_90967,3
U_93429,3
U_100071,3
U_103686,3
U_110533,3
U_123823,3
U_124563,3
U_157768,3
U_157968,3
U_170480,3
U_171819,3
U_174686,3
U_188869,3
U_204942,3
U_206422,3
U_209068,3
U_225668,3
U_226793,3
U_231368,3
U_239125,3
U_246620,3
U_280423,3
U_289473,3
U_312087,3
U_317244,3
U_576,3
U_5451,3
U_31295,3
U_38063,3
U_41526,3
U_45146,3
U_48624,3
U_49441,3
U_61849,3
U_62658,3
U_78066,3
U_95886,3
U_97258,3
U_100289,3
U_102402,3
U_105695,3
U_105963,3
U_112273,3
U_125388,3
U_170476,3
U_199777,3
U_218505,3
U_236861,3
U_262323,3
U_274302,3
U_297089,3
U_298608,3
U_308894,3
U_330463,3
U_3935,3
U_5188,3
U_8960,3
U_10845,3
U_14732,3
U_24087,3
U_39388,3
U_74553,3
U_76084,3
U_93674,3
U_98330,3
U_148300,3
U_172568,3
U_189590,3
U_202148,3
U_327879,3
U_57409,3
U_68694,3
U_70655,3
U_81228,3
U_94576,3
U_134473,3
U_161657,3
U_165961,3
U_218602,3
U_297161,3
U_332151,3
U_7719,3
U_44282,3
U_55616,3
U_81400,3
U_96872,3
U_111479,3
U_120377,3
U_131790,3
U_190801,3
U_286900,3
U_329672,3
U_95295,3
U_144491,3
U_1953,4
U_3633,4
U_12414,4
U_20775,4
U_31927,4
U_43395,4
U_46312,4
U_48537,4
U_53450,4
U_56312,4
U_58151,4
U_61390,4
U_62479,4
U_64054,4
U_64788,4
U_69782,4
U_80297,4
U_81731,4
U_84856,4
U_86544,4
U_89705,4
U_100841,4
U_110009,4
U_132339,4
U_151218,4
U_157753,4
U_165819,4
U_166728,4
U_191812,4
U_225699,4
U_231380,4
U_249650,4
U_265869,4
U_279580,4
U_282229,4
U_282733,4
U_291614,4
U_291617,4
U_303573,4
U_306878,4
U_313127,4
U_317270,4
U_322745,4
U_325893,4
U_327396,4
U_330057,4
U_331082,4
U_8634,4
U_20432,4
U_38225,4
U_42824,4
U_43778,4
U_46315,4
U_49553,4
U_82509,4
U_84319,4
U_98349,4
U_104298,4
U_119182,4
U_150269,4
U_154994,4
U_173698,4
U_175556,4
U_192179,4
U_231318,4
U_234902,4
U_235083,4
U_249937,4
U_251464,4
U_251625,4
U_259372,4
U_260727,4
U_297386,4
U_300795,4
U_318888,4
U_3084,4
U_9042,4
U_9561,4
U_18971,4
U_25403,4
U_34868,4
U_50942,4
U_57160,4
U_65338,4
U_91155,4
U_94412,4
U_132871,4
U_163351,4
U_305378,4
U_35521,4
U_66431,4
U_169292,4
U_193681,4
U_1073,4
U_110200,4
U_134373,4
U_306202,4
U_318779,4
U_330640,4
U_77727,4
U_102348,4
U_254746,4
U_51662,4
U_271591,4
U_230,4
U_3851,4
U_5403,4
U_7173,4
U_23877,4
U_26457,4
U_32083,4
U_38376,4
U_58899,4
U_62521,4
U_63660,4
U_78088,4
U_84964,4
U_86795,4
U_88573,4
U_90603,4
U_93590,4
U_93676,4
U_93893,4
U_108501,4
U_115323,4
U_159298,4
U_161263,4
U_163796,4
U_193657,4
U_221947,4
U_229878,4
U_260406,4
U_268927,4
U_271699,4
U_308184,4
U_317792,4
U_327739,4
U_8668,4
U_14710,4
U_24300,4
U_28285,4
U_32153,4
U_57311,4
U_78077,4
U_137951,4
U_174583,4
U_175369,4
U_199803,4
U_205681,4
U_228619,4
U_297616,4
U_304024,4
U_305098,4
U_17629,4
U_20394,4
U_24148,4
U_28573,4
U_28673,4
U_53243,4
U_56152,4
U_65643,4
U_90295,4
U_90729,4
U_145002,4
U_197829,4
U_197924,4
U_231055,4
U_267057,4
U_296790,4
U_326477,4
U_326794,4
U_39504,4
U_41073,4
U_47685,4
U_57443,4
U_78401,4
U_81514,4
U_88558,4
U_91032,4
U_134858,4
U_255488,4
U_11187,4
U_15021,4
U_15390,4
U_93171,4
U_203012,4
U_196,4
U_4938,4
U_5408,4
U_5631,4
U_21852,4
U_22504,4
U_24682,4
U_26467,4
U_26479,4
U_29595,4
U_31914,4
U_32349,4
U_39844,4
U_46290,4
U_50118,4
U_57338,4
U_60455,4
U_62247,4
U_84375,4
U_85355,4
U_86134,4
U_98463,4
U_99843,4
U_100291,4
U_103437,4
U_107046,4
U_110482,4
U_112751,4
U_124900,4
U_128631,4
U_161420,4
U_162577,4
U_171307,4
U_197329,4
U_203017,4
U_231991,4
U_234851,4
U_242671,4
U_247960,4
U_292217,4
U_293993,4
U_296309,4
U_298327,4
U_317696,4
U_324511,4
U_332523,4
U_567,4
U_2169,4
U_2834,4
U_45914,4
U_48831,4
U_49385,4
U_60621,4
U_81222,4
U_81943,4
U_88612,4
U_90474,4
U_90801,4
U_102917,4
U_110259,4
U_113293,4
U_118054,4
U_122240,4
U_152901,4
U_192352,4
U_206947,4
U_286661,4
U_304064,4
U_310498,4
U_311648,4
U_327858,4
U_39447,4
U_94102,4
U_104542,4
U_108260,4
U_111653,4
U_154857,4
U_116515,4
U_294502,4
U_1639,4
U_6751,4
U_10252,4
U_47228,4
U_84706,4
U_105062,4
U_278490,4
U_39169,4
U_45988,4
U_63588,4
U_64471,4
U_81304,4
U_138973,4
U_59891,4
U_190014,4
U_79856,4
U_3585,4
U_18374,4
U_22809,4
U_27611,4
U_37408,4
U_45995,4
U_46239,4
U_54326,4
U_37749,4
U_57386,4
U_60391,4
U_81286,4
U_90450,4
U_90451,4
U_95450,4
U_95584,4
U_96232,4
U_97097,4
U_98511,4
U_100955,4
U_105661,4
U_107075,4
U_176982,4
U_183463,4
U_193803,4
U_225811,4
U_244139,4
U_256807,4
U_258575,4
U_259857,4
U_264653,4
U_264836,4
U_266885,4
U_305398,4
U_319362,4
U_333777,4
U_5324,4
U_15041,4
U_31470,4
U_32370,4
U_39319,4
U_46203,4
U_49279,4
U_49390,4
U_78603,4
U_93097,4
U_102571,4
U_146659,4
U_164063,4
U_172726,4
U_191034,4
U_200845,4
U_203772,4
U_222629,4
U_231818,4
U_239853,4
U_249812,4
U_294348,4
U_299006,4
U_300763,4
U_301051,4
U_305184,4
U_2748,4
U_38069,4
U_82454,4
U_89882,4
U_93298,4
U_97501,4
U_99257,4
U_155278,4
U_157833,4
U_170509,4
U_186382,4
U_213990,4
U_267115,4
U_299336,4
U_4207,4
U_5467,4
U_48192,4
U_63275,4
U_64999,4
U_77881,4
U_79892,4
U_81792,4
U_118940,4
U_227827,4
U_309091,4
U_315521,4
U_15880,4
U_330540,4
U_184,4
U_227868,4
U_7382,4
U_9570,4
U_14070,4
U_17574,4
U_26436,4
U_36061,4
U_46294,4
U_52549,4
U_61811,4
U_65454,4
U_73854,4
U_78665,4
U_82218,4
U_85031,4
U_107010,4
U_113716,4
U_170934,4
U_190475,4
U_196301,4
U_203859,4
U_206212,4
U_258540,4
U_264390,4
U_295257,4
U_304061,4
U_325687,4
U_331910,4
U_1613,4
U_2506,4
U_5720,4
U_11685,4
U_17537,4
U_30255,4
U_33721,4
U_38194,4
U_41823,4
U_48452,4
U_53185,4
U_59768,4
U_81317,4
U_83886,4
U_116762,4
U_120321,4
U_121242,4
U_156173,4
U_177556,4
U_203690,4
U_300395,4
U_300659,4
U_304027,4
U_318728,4
U_322768,4
U_152,4
U_1355,4
U_34805,4
U_58163,4
U_81425,4
U_123550,4
U_170723,4
U_175770,4
U_203765,4
U_317802,4
U_318596,4
U_318703,4
U_1635,4
U_29475,4
U_44472,4
U_37738,4
U_58283,4
U_80484,4
U_160012,4
U_247276,4
U_277911,4
U_333876,4
U_17753,4
U_105042,4
U_169446,4
U_226634,4
U_4712,4
U_102644,4
U_4792,4
U_21045,4
U_25302,4
U_27457,4
U_32810,4
U_47195,4
U_50539,4
U_59833,4
U_60102,4
U_66175,4
U_81194,4
U_81600,4
U_84067,4
U_85124,4
U_85365,4
U_87940,4
U_91847,4
U_94089,4
U_95676,4
U_96923,4
U_99572,4
U_101079,4
U_106654,4
U_108451,4
U_112496,4
U_118417,4
U_119402,4
U_123275,4
U_130860,4
U_139040,4
U_144297,4
U_147408,4
U_191899,4
U_199383,4
U_216913,4
U_247404,4
U_258223,4
U_260765,4
U_269050,4
U_272452,4
U_276556,4
U_277490,4
U_286915,4
U_290088,4
U_299325,4
U_317764,4
U_319426,4
U_319754,4
U_322293,4
U_332432,4
U_4790,4
U_7845,4
U_23108,4
U_77516,4
U_95683,4
U_101152,4
U_106755,4
U_109263,4
U_117932,4
U_143968,4
U_173668,4
U_203838,4
U_220111,4
U_226553,4
U_234053,4
U_241888,4
U_279567,4
U_292712,4
U_293253,4
U_305065,4
U_305207,4
U_327855,4
U_330570,4
U_332340,4
U_333444,4
U_274,4
U_2487,4
U_14614,4
U_41275,4
U_56529,4
U_57696,4
U_60938,4
U_90900,4
U_106080,4
U_141067,4
U_156307,4
U_159396,4
U_165384,4
U_174183,4
U_231761,4
U_297184,4
U_3439,4
U_26282,4
U_68096,4
U_204183,4
U_271589,4
U_1323,4
U_4927,4
U_25325,4
U_38476,4
U_157138,4
U_270741,4
U_182280,4
U_463,4
U_1539,4
U_2058,4
U_6195,4
U_7256,4
U_8702,4
U_11834,4
U_15335,4
U_25195,4
U_31870,4
U_34308,4
U_46887,4
U_51910,4
U_54602,4
U_61786,4
U_72913,4
U_74535,4
U_90473,4
U_99147,4
U_102573,4
U_104336,4
U_111422,4
U_120576,4
U_173655,4
U_177881,4
U_194097,4
U_270035,4
U_276718,4
U_277158,4
U_281818,4
U_284391,4
U_306847,4
U_326516,4
U_327687,4
U_328314,4
U_7280,4
U_10442,4
U_17664,4
U_31308,4
U_31881,4
U_37280,4
U_39289,4
U_59866,4
U_84285,4
U_92604,4
U_94330,4
U_96445,4
U_103503,4
U_111143,4
U_138112,4
U_156853,4
U_178044,4
U_192450,4
U_228236,4
U_228377,4
U_314454,4
U_331895,4
U_10323,4
U_11406,4
U_17178,4
U_24511,4
U_26486,4
U_26797,4
U_31990,4
U_65948,4
U_89246,4
U_95643,4
U_127458,4
U_205847,4
U_242007,4
U_195,4
U_8250,4
U_9747,4
U_42787,4
U_48227,4
U_55310,4
U_104014,4
U_104284,4
U_139393,4
U_163383,4
U_213660,4
U_217073,4
U_318782,4
U_325721,4
U_12853,4
U_67885,4
U_84471,4
U_146053,4
U_146059,4
U_160230,4
U_318789,4
U_68826,4
U_130447,4
U_199443,4
U_330858,4
U_108226,4
U_3052,4
U_5266,4
U_9503,4
U_17856,4
U_23997,4
U_24422,4
U_29439,4
U_45565,4
U_52015,4
U_59777,4
U_69106,4
U_75962,4
U_76499,4
U_81751,4
U_91513,4
U_91778,4
U_97177,4
U_98248,4
U_103315,4
U_115291,4
U_115402,4
U_116461,4
U_143349,4
U_157804,4
U_169156,4
U_171163,4
U_175704,4
U_182792,4
U_188897,4
U_194975,4
U_196321,4
U_218096,4
U_255297,4
U_289974,4
U_315630,4
U_323638,4
U_6589,4
U_8873,4
U_11939,4
U_12699,4
U_24164,4
U_26031,4
U_27847,4
U_30512,4
U_41684,4
U_49530,4
U_60754,4
U_62608,4
U_66861,4
U_95037,4
U_95637,4
U_96287,4
U_104225,4
U_105464,4
U_107329,4
U_109954,4
U_172490,4
U_192854,4
U_258812,4
U_277482,4
U_279658,4
U_305099,4
U_315540,4
U_47839,4
U_81378,4
U_82357,4
U_85592,4
U_86188,4
U_91897,4
U_161086,4
U_169164,4
U_218513,4
U_109811,4
U_143620,4
U_181399,4
U_290622,4
U_294499,4
U_317499,4
U_332258,4
U_137887,4
U_185707,4
U_220732,4
U_33533,4
U_84917,4
U_2338,5
U_2561,5
U_7335,5
U_13146,5
U_15873,5
U_20365,5
U_20421,5
U_25234,5
U_35057,5
U_37651,5
U_43946,5
U_52194,5
U_85332,5
U_89405,5
U_90931,5
U_99720,5
U_100735,5
U_111358,5
U_115390,5
U_116880,5
U_129807,5
U_141854,5
U_158209,5
U_161661,5
U_207083,5
U_229236,5
U_272312,5
U_274582,5
U_279269,5
U_304761,5
U_312760,5
U_314927,5
U_315893,5
U_321597,5
U_327290,5
U_327625,5
U_332147,5
U_185,5
U_412,5
U_34896,5
U_90325,5
U_95176,5
U_98722,5
U_103374,5
U_159961,5
U_205808,5
U_227712,5
U_234527,5
U_298381,5
U_307985,5
U_318625,5
U_333969,5
U_217,5
U_804,5
U_1276,5
U_3603,5
U_87310,5
U_96871,5
U_101590,5
U_116076,5
U_197099,5
U_203685,5
U_203728,5
U_290102,5
U_316554,5
U_330702,5
U_12542,5
U_116715,5
U_164222,5
U_51528,5
U_25038,5
U_25517,5
U_7759,5
U_9942,5
U_24939,5
U_27689,5
U_46486,5
U_49166,5
U_59855,5
U_66304,5
U_72825,5
U_73182,5
U_75596,5
U_78142,5
U_84232,5
U_86119,5
U_90155,5
U_101891,5
U_102877,5
U_103404,5
U_108784,5
U_112408,5
U_115257,5
U_115739,5
U_118397,5
U_125615,5
U_154701,5
U_169160,5
U_193063,5
U_195594,5
U_204570,5
U_205812,5
U_219480,5
U_226766,5
U_251650,5
U_272315,5
U_280284,5
U_295456,5
U_297209,5
U_316713,5
U_318745,5
U_326939,5
U_10269,5
U_17435,5
U_36135,5
U_74457,5
U_81672,5
U_97077,5
U_103792,5
U_159349,5
U_212220,5
U_217025,5
U_226590,5
U_255483,5
U_273753,5
U_315595,5
U_10257,5
U_11377,5
U_197160,5
U_303075,5
U_319065,5
U_327120,5
U_835,5
U_1957,5
U_26608,5
U_28061,5
U_33678,5
U_46280,5
U_47366,5
U_159378,5
U_188367,5
U_45027,5
U_163269,5
U_1863,5
U_3607,5
U_8465,5
U_11100,5
U_30419,5
U_31495,5
U_35492,5
U_53646,5
U_55719,5
U_58335,5
U_61191,5
U_73019,5
U_78746,5
U_79862,5
U_89305,5
U_90751,5
U_90953,5
U_96472,5
U_102368,5
U_107726,5
U_126005,5
U_133944,5
U_142258,5
U_154839,5
U_156304,5
U_156373,5
U_176076,5
U_199563,5
U_270698,5
U_311663,5
U_326448,5
U_326533,5
U_1206,5
U_1929,5
U_9523,5
U_10357,5
U_20370,5
U_25248,5
U_28336,5
U_38458,5
U_60060,5
U_84202,5
U_84457,5
U_86187,5
U_103416,5
U_132783,5
U_136600,5
U_170845,5
U_194999,5
U_221295,5
U_238114,5
U_271659,5
U_272322,5
U_288925,5
U_10332,5
U_25278,5
U_57356,5
U_59216,5
U_86311,5
U_94463,5
U_101820,5
U_158019,5
U_159984,5
U_199323,5
U_211040,5
U_257061,5
U_317235,5
U_26458,5
U_29187,5
U_30087,5
U_49408,5
U_99565,5
U_106491,5
U_298408,5
U_250292,5
U_68941,5
U_300730,5
U_7667,5
U_7747,5
U_8090,5
U_10312,5
U_19224,5
U_20026,5
U_21292,5
U_23649,5
U_35038,5
U_38012,5
U_48375,5
U_49244,5
U_50039,5
U_54788,5
U_57955,5
U_60389,5
U_60941,5
U_63381,5
U_65718,5
U_65783,5
U_70356,5
U_74603,5
U_85411,5
U_87193,5
U_88471,5
U_94274,5
U_105059,5
U_115327,5
U_115432,5
U_148039,5
U_150785,5
U_157767,5
U_161692,5
U_188218,5
U_195529,5
U_208474,5
U_209105,5
U_223398,5
U_253880,5
U_266840,5
U_279600,5
U_317234,5
U_318550,5
U_330619,5
U_1553,5
U_6546,5
U_21864,5
U_31834,5
U_53502,5
U_59340,5
U_94177,5
U_109831,5
U_133506,5
U_190032,5
U_191421,5
U_191500,5
U_215309,5
U_1216,5
U_55151,5
U_99772,5
U_102492,5
U_140491,5
U_272325,5
U_12025,5
U_20390,5
U_91823,5
U_115318,5
U_117733,5
U_284542,5
U_4232,5
U_8125,5
U_47209,5
U_52398,5
U_58533,5
U_58778,5
U_59602,5
U_60202,5
U_61818,5
U_67787,5
U_77391,5
U_77800,5
U_88398,5
U_89785,5
U_92486,5
U_92568,5
U_98008,5
U_109827,5
U_112048,5
U_112488,5
U_119967,5
U_142604,5
U_143702,5
U_143918,5
U_157979,5
U_175297,5
U_203809,5
U_204928,5
U_231954,5
U_250757,5
U_266823,5
U_294594,5
U_302682,5
U_315466,5
U_325715,5
U_15969,5
U_22634,5
U_25243,5
U_36227,5
U_67951,5
U_78755,5
U_88937,5
U_90440,5
U_96506,5
U_99310,5
U_154749,5
U_155465,5
U_170084,5
U_209906,5
U_224341,5
U_226925,5
U_237097,5
U_294662,5
U_332279,5
U_14921,5
U_43790,5
U_59175,5
U_87965,5
U_90756,5
U_96173,5
U_179821,5
U_233950,5
U_257171,5
U_323509,5
U_3498,5
U_24327,5
U_26005,5
U_94490,5
U_109295,5
U_188274,5
U_196603,5
U_210412,5
U_17650,5
U_316057,5
U_260,5
U_12039,5
U_17721,5
U_27401,5
U_33995,5
U_35022,5
U_36063,5
U_50780,5
U_54683,5
U_57477,5
U_57563,5
U_63100,5
U_77589,5
U_78619,5
U_80173,5
U_81388,5
U_89624,5
U_98976,5
U_99201,5
U_99225,5
U_99781,5
U_108869,5
U_112772,5
U_158917,5
U_161804,5
U_182027,5
U_216893,5
U_233612,5
U_270044,5
U_286911,5
U_289777,5
U_6097,5
U_6187,5
U_15813,5
U_58890,5
U_64060,5
U_83501,5
U_90901,5
U_123607,5
U_142301,5
U_155199,5
U_161702,5
U_164016,5
U_164273,5
U_217149,5
U_235140,5
U_242966,5
U_258000,5
U_258317,5
U_279564,5
U_297229,5
U_317263,5
U_2155,5
U_11101,5
U_49378,5
U_60942,5
U_63970,5
U_65632,5
U_90233,5
U_99542,5
U_149213,5
U_184204,5
U_184266,5
U_201235,5
U_205324,5
U_206773,5
U_232965,5
U_317995,5
U_332168,5
U_58523,5
U_71303,5
U_159288,5
U_292888,5
U_318794,5
U_317732,5
U_70377,5
U_3865,5
U_1551,5
U_8635,5
U_10577,5
U_12097,5
U_12602,5
U_25869,5
U_26897,5
U_32672,5
U_37638,5
U_41915,5
U_42565,5
U_53298,5
U_53388,5
U_60268,5
U_66171,5
U_68272,5
U_85350,5
U_93661,5
U_94662,5
U_96458,5
U_99715,5
U_133446,5
U_158403,5
U_167403,5
U_240406,5
U_270080,5
U_273100,5
U_286665,5
U_288694,5
U_326751,5
U_330800,5
U_5064,5
U_6137,5
U_6592,5
U_26053,5
U_48141,5
U_51987,5
U_56858,5
U_59949,5
U_88839,5
U_90863,5
U_93138,5
U_100451,5
U_170013,5
U_193645,5
U_203124,5
U_206373,5
U_221415,5
U_227682,5
U_237761,5
U_250759,5
U_252786,5
U_308843,5
U_324568,5
U_80696,5
U_100303,5
U_193823,5
U_221563,5
U_317039,5
U_327680,5
U_134434,5
U_161794,5
U_203780,5
U_232956,5
U_251642,5
U_283552,5
U_10721,5
U_64574,5
U_1513,5
U_2744,5
U_7786,5
U_7809,5
U_24512,5
U_38307,5
U_40004,5
U_42347,5
U_46655,5
U_47637,5
U_51954,5
U_63418,5
U_66022,5
U_69634,5
U_69707,5
U_73691,5
U_78056,5
U_81391,5
U_82150,5
U_86369,5
U_86925,5
U_91011,5
U_100321,5
U_108915,5
U_110966,5
U_125537,5
U_138867,5
U_162186,5
U_164787,5
U_172615,5
U_200281,5
U_203899,5
U_217818,5
U_257892,5
U_262380,5
U_264736,5
U_304756,5
U_90,5
U_14467,5
U_16129,5
U_40040,5
U_40053,5
U_41846,5
U_47498,5
U_47658,5
U_48228,5
U_55730,5
U_95644,5
U_96919,5
U_163771,5
U_191207,5
U_196278,5
U_249913,5
U_285178,5
U_65128,5
U_82021,5
U_83346,5
U_166928,5
U_170454,5
U_288645,5
U_45923,5
U_120335,5
U_164960,5
U_287785,5
U_293581,5
U_29661,5
U_96376,5
U_294465,5
U_326594,5
U_6064,6
U_6147,6
U_12829,6
U_29217,6
U_33303,6
U_35831,6
U_42142,6
U_65344,6
U_79988,6
U_81130,6
U_90772,6
U_95336,6
U_100241,6
U_103116,6
U_104631,6
U_117908,6
U_157974,6
U_168569,6
U_169411,6
U_173376,6
U_190531,6
U_207017,6
U_212713,6
U_213628,6
U_267886,6
U_287444,6
U_292504,6
U_301173,6
U_318598,6
U_327286,6
U_327674,6
U_333793,6
U_24495,6
U_29177,6
U_49567,6
U_61871,6
U_95610,6
U_257588,6
U_284889,6
U_305763,6
U_313050,6
U_158635,6
U_266493,6
U_1833,6
U_96398,6
U_190037,6
U_2704,6
U_3478,6
U_32398,6
U_34677,6
U_42709,6
U_42803,6
U_46314,6
U_59469,6
U_59655,6
U_61676,6
U_74938,6
U_77494,6
U_78532,6
U_81146,6
U_88601,6
U_91434,6
U_103448,6
U_116058,6
U_119598,6
U_153965,6
U_153999,6
U_156337,6
U_156363,6
U_161896,6
U_162332,6
U_164195,6
U_193593,6
U_204198,6
U_205822,6
U_212915,6
U_274643,6
U_275063,6
U_290552,6
U_299775,6
U_315635,6
U_315646,6
U_1691,6
U_13987,6
U_32418,6
U_67825,6
U_84217,6
U_98537,6
U_228406,6
U_320030,6
U_325709,6
U_14374,6
U_36496,6
U_80030,6
U_81557,6
U_219931,6
U_289524,6
U_69,6
U_30342,6
U_35307,6
U_51118,6
U_62769,6
U_84439,6
U_100092,6
U_117912,6
U_163448,6
U_173159,6
U_175956,6
U_223207,6
U_226562,6
U_227292,6
U_265632,6
U_278430,6
U_300822,6
U_318712,6
U_318806,6
U_327862,6
U_328438,6
U_53,6
U_1542,6
U_5068,6
U_6368,6
U_8018,6
U_12841,6
U_15413,6
U_38595,6
U_97426,6
U_106013,6
U_117692,6
U_132428,6
U_135523,6
U_205831,6
U_206782,6
U_283437,6
U_298101,6
U_319062,6
U_320871,6
U_59708,6
U_110303,6
U_112626,6
U_172010,6
U_266789,6
U_308030,6
U_1755,6
U_3608,6
U_4154,6
U_6453,6
U_10362,6
U_12054,6
U_14808,6
U_25828,6
U_29205,6
U_33790,6
U_54614,6
U_49500,6
U_57367,6
U_57394,6
U_57449,6
U_61366,6
U_84331,6
U_90842,6
U_98644,6
U_100089,6
U_119691,6
U_119768,6
U_119811,6
U_159885,6
U_170065,6
U_170500,6
U_200101,6
U_224191,6
U_234900,6
U_242346,6
U_256386,6
U_257209,6
U_265798,6
U_301154,6
U_321368,6
U_4491,6
U_5362,6
U_18236,6
U_26046,6
U_29182,6
U_34537,6
U_41438,6
U_80718,6
U_86568,6
U_90733,6
U_99539,6
U_123036,6
U_137709,6
U_243153,6
U_269027,6
U_54,6
U_63267,6
U_103058,6
U_163227,6
U_247633,6
U_51524,6
U_6463,6
U_18433,6
U_24385,6
U_35099,6
U_44702,6
U_69469,6
U_91046,6
U_91140,6
U_92615,6
U_95702,6
U_106092,6
U_108839,6
U_117944,6
U_128351,6
U_186774,6
U_198177,6
U_214518,6
U_221875,6
U_226772,6
U_266701,6
U_11128,6
U_24241,6
U_35690,6
U_36733,6
U_45182,6
U_91023,6
U_99770,6
U_138184,6
U_158816,6
U_216735,6
U_271410,6
U_272292,6
U_59052,6
U_69294,6
U_79534,6
U_175123,6
U_185382,6
U_284602,6
U_159301,6
U_262534,6
U_964,6
U_6269,6
U_12579,6
U_17532,6
U_24348,6
U_27830,6
U_32341,6
U_53561,6
U_53677,6
U_55298,6
U_57419,6
U_61761,6
U_61882,6
U_67591,6
U_69154,6
U_69851,6
U_80035,6
U_90882,6
U_91042,6
U_94277,6
U_145384,6
U_170081,6
U_170112,6
U_191646,6
U_201472,6
U_241271,6
U_245832,6
U_311886,6
U_317048,6
U_326560,6
U_146,6
U_2157,6
U_9682,6
U_38727,6
U_51781,6
U_84668,6
U_95265,6
U_134699,6
U_149204,6
U_159845,6
U_166958,6
U_297620,6
U_325710,6
U_28503,6
U_49250,6
U_62264,6
U_114363,6
U_146267,6
U_190517,6
U_18992,6
U_3508,6
U_22605,6
U_28823,6
U_29514,6
U_38126,6
U_43021,6
U_44090,6
U_53295,6
U_61098,6
U_62534,6
U_77527,6
U_91892,6
U_105507,6
U_108384,6
U_132991,6
U_170111,6
U_171213,6
U_204607,6
U_230391,6
U_278437,6
U_283549,6
U_294900,6
U_308856,6
U_316107,6
U_57063,6
U_77862,6
U_94931,6
U_98515,6
U_100829,6
U_106826,6
U_157958,6
U_193873,6
U_197436,6
U_317688,6
U_9978,6
U_59736,6
U_212967,6
U_233320,6
U_297138,6
U_310376,6
U_318542,6
U_1325,6
U_4566,6
U_5872,6
U_5947,6
U_7099,6
U_11638,6
U_16717,6
U_43800,6
U_47161,6
U_50127,6
U_60022,6
U_66928,6
U_74067,6
U_81120,6
U_82200,6
U_89588,6
U_89636,6
U_92209,6
U_93586,6
U_97098,6
U_97875,6
U_103340,6
U_116722,6
U_159646,6
U_200370,6
U_230416,6
U_234430,6
U_248122,6
U_296317,6
U_317288,6
U_318526,6
U_3930,6
U_7075,6
U_11632,6
U_11766,6
U_52003,6
U_56683,6
U_88396,6
U_98744,6
U_108180,6
U_133409,6
U_137977,6
U_276578,6
U_289567,6
U_317319,6
U_324686,6
U_29025,6
U_36088,6
U_159680,6
U_168619,6
U_278596,6
U_305712,6
U_25225,6
U_2009,7
U_5257,7
U_7825,7
U_10431,7
U_13402,7
U_20329,7
U_24195,7
U_34520,7
U_36748,7
U_51586,7
U_43533,7
U_57032,7
U_57417,7
U_69323,7
U_75609,7
U_80932,7
U_83747,7
U_90942,7
U_104737,7
U_108581,7
U_110686,7
U_110763,7
U_154831,7
U_170078,7
U_203127,7
U_306603,7
U_318023,7
U_331362,7
U_4844,7
U_17570,7
U_44428,7
U_150559,7
U_190063,7
U_313371,7
U_14519,7
U_464,7
U_8235,7
U_8429,7
U_17630,7
U_32057,7
U_42401,7
U_42806,7
U_56313,7
U_25555,7
U_61953,7
U_68089,7
U_69008,7
U_100066,7
U_105099,7
U_107196,7
U_120568,7
U_143976,7
U_161724,7
U_173169,7
U_218811,7
U_239848,7
U_317301,7
U_333643,7
U_17596,7
U_96873,7
U_104339,7
U_109747,7
U_116688,7
U_154214,7
U_159875,7
U_40461,7
U_144161,7
U_164083,7
U_99458,7
U_10053,7
U_10513,7
U_11869,7
U_35034,7
U_62477,7
U_92537,7
U_132482,7
U_146106,7
U_154743,7
U_157763,7
U_162249,7
U_169530,7
U_192394,7
U_218424,7
U_226839,7
U_260839,7
U_279908,7
U_288307,7
U_311743,7
U_315569,7
U_326898,7
U_106049,7
U_111210,7
U_116419,7
U_159335,7
U_184109,7
U_328636,7
U_10967,7
U_37569,7
U_112500,7
U_217248,7
U_3167,7
U_24948,7
U_25615,7
U_26450,7
U_36449,7
U_39038,7
U_80011,7
U_90782,7
U_117240,7
U_192650,7
U_247760,7
U_248380,7
U_287879,7
U_301089,7
U_311162,7
U_326426,7
U_24481,7
U_25346,7
U_163206,7
U_253824,7
U_256114,7
U_138107,7
U_266831,7
U_130649,7
U_197,7
U_6883,7
U_7010,7
U_33954,7
U_53033,7
U_53554,7
U_59480,7
U_82104,7
U_156390,7
U_163487,7
U_194308,7
U_204629,7
U_261258,7
U_297657,7
U_304044,7
U_327746,7
U_3079,7
U_11071,7
U_15545,7
U_59652,7
U_78713,7
U_93120,7
U_100691,7
U_103110,7
U_161756,7
U_173302,7
U_216584,7
U_284703,7
U_326142,7
U_93103,7
U_96659,7
U_145827,7
U_36686,7
U_62691,7
U_1735,7
U_1748,7
U_3179,7
U_5551,7
U_14158,7
U_14651,7
U_20455,7
U_35401,7
U_53303,7
U_54849,7
U_65405,7
U_66169,7
U_89480,7
U_93303,7
U_103360,7
U_117296,7
U_145978,7
U_155131,7
U_158489,7
U_188883,7
U_203836,7
U_209114,7
U_210892,7
U_280737,7
U_323739,7
U_2905,7
U_49259,7
U_53201,7
U_77189,7
U_88602,7
U_106775,7
U_177377,7
U_239466,7
U_3213,7
U_170052,7
U_181281,7
U_269462,7
U_292079,7
U_321854,7
U_90348,7
U_92179,7
U_1195,7
U_1485,7
U_2545,7
U_6409,7
U_10364,7
U_11673,7
U_35096,7
U_47341,7
U_58965,7
U_62525,7
U_64297,7
U_81281,7
U_86333,7
U_94081,7
U_103026,7
U_118675,7
U_156426,7
U_170568,7
U_188181,7
U_193065,7
U_197746,7
U_241424,7
U_277475,7
U_280956,7
U_288714,7
U_290093,7
U_298390,7
U_327661,7
U_1257,7
U_1368,7
U_77815,7
U_80247,7
U_109869,7
U_111226,7
U_116780,7
U_147719,7
U_148072,7
U_317633,7
U_317710,7
U_333860,7
U_77314,7
U_111403,7
U_277266,7
U_12033,7
U_181489,7
U_4528,7
U_6284,7
U_13108,7
U_34989,7
U_35980,7
U_37557,7
U_40981,7
U_52378,7
U_59912,7
U_68959,7
U_76747,7
U_82253,7
U_84020,7
U_87204,7
U_88154,7
U_107935,7
U_110078,7
U_113595,7
U_163860,7
U_213725,7
U_230632,7
U_231098,7
U_239033,7
U_268623,7
U_272323,7
U_324275,7
U_24563,7
U_42828,7
U_44421,7
U_74521,7
U_76128,7
U_96499,7
U_114012,7
U_164374,7
U_265411,7
U_329288,7
U_54139,7
U_275369,7
U_318528,7
U_4486,8
U_7529,8
U_31788,8
U_36812,8
U_38434,8
U_44439,8
U_44990,8
U_47258,8
U_50399,8
U_53547,8
U_80019,8
U_96253,8
U_96447,8
U_97101,8
U_99589,8
U_105541,8
U_137965,8
U_154905,8
U_171708,8
U_203653,8
U_226592,8
U_230463,8
U_280198,8
U_322786,8
U_16732,8
U_17334,8
U_31307,8
U_49507,8
U_96870,8
U_153491,8
U_169522,8
U_179290,8
U_195907,8
U_198176,8
U_46750,8
U_178033,8
U_1603,8
U_2300,8
U_29978,8
U_42771,8
U_44480,8
U_64135,8
U_104996,8
U_107884,8
U_141000,8
U_182295,8
U_189954,8
U_227706,8
U_254768,8
U_283225,8
U_301158,8
U_315619,8
U_17731,8
U_58858,8
U_102376,8
U_103909,8
U_263885,8
U_325762,8
U_163710,8
U_203097,8
U_184059,8
U_25557,8
U_29552,8
U_38390,8
U_38845,8
U_48535,8
U_59924,8
U_73901,8
U_82388,8
U_97102,8
U_110552,8
U_119778,8
U_120326,8
U_123126,8
U_159306,8
U_166907,8
U_169165,8
U_188905,8
U_190068,8
U_202208,8
U_226747,8
U_232929,8
U_234712,8
U_286773,8
U_287732,8
U_295548,8
U_6396,8
U_47387,8
U_83022,8
U_94017,8
U_200504,8
U_315612,8
U_47328,8
U_148511,8
U_5435,8
U_11895,8
U_15398,8
U_21853,8
U_27087,8
U_34496,8
U_39939,8
U_43214,8
U_57395,8
U_63101,8
U_86785,8
U_105688,8
U_105991,8
U_110585,8
U_145612,8
U_167909,8
U_186740,8
U_190895,8
U_191036,8
U_208402,8
U_255859,8
U_289572,8
U_322809,8
U_5431,8
U_20269,8
U_106705,8
U_166044,8
U_218670,8
U_221356,8
U_115575,8
U_4831,8
U_36034,8
U_78823,8
U_80668,8
U_108813,8
U_111154,8
U_156625,8
U_206428,8
U_278439,8
U_301176,8
U_326906,8
U_1070,8
U_3450,8
U_18327,8
U_23850,8
U_97430,8
U_104064,8
U_94114,8
U_100936,8
U_1461,8
U_4995,8
U_5176,8
U_6355,8
U_6531,8
U_11170,8
U_38416,8
U_45300,8
U_47024,8
U_56034,8
U_62026,8
U_65328,8
U_95262,8
U_102516,8
U_167017,8
U_195990,8
U_226645,8
U_241556,8
U_302878,8
U_315581,8
U_317264,8
U_14984,8
U_57329,8
U_67606,8
U_191573,8
U_229176,8
U_281777,8
U_218610,8
U_25214,8
U_33830,8
U_49159,8
U_57263,8
U_89881,8
U_90257,8
U_95461,8
U_95612,8
U_130035,8
U_190634,8
U_197850,8
U_208176,8
U_224654,8
U_227059,8
U_322210,8
U_333987,8
U_109288,8
U_244600,8
U_186985,8
U_257956,8
U_13493,8
U_34976,8
U_92964,8
U_99370,8
U_101266,8
U_134152,8
U_192318,8
U_217270,8
U_253369,8
U_266751,8
U_301363,8
U_318896,8
U_330024,8
U_332235,8
U_332522,8
U_4043,8
U_47149,8
U_79830,8
U_84620,8
U_90432,8
U_133987,8
U_156428,8
U_211474,8
U_226630,8
U_274647,8
U_290025,8
U_318194,8
U_58483,8
U_8743,8
U_294926,8
U_205,9
U_25384,9
U_83495,9
U_85061,9
U_92639,9
U_102406,9
U_106286,9
U_107818,9
U_108895,9
U_208483,9
U_217271,9
U_218379,9
U_283596,9
U_286656,9
U_317779,9
U_318864,9
U_5220,9
U_48036,9
U_139398,9
U_179231,9
U_303499,9
U_38075,9
U_40864,9
U_24629,9
U_219,9
U_26489,9
U_63183,9
U_68417,9
U_90224,9
U_94038,9
U_98842,9
U_153348,9
U_183782,9
U_199409,9
U_203854,9
U_226456,9
U_275949,9
U_331911,9
U_2060,9
U_279319,9
U_156308,9
U_297131,9
U_38004,9
U_48188,9
U_60741,9
U_62475,9
U_68595,9
U_69881,9
U_82093,9
U_90702,9
U_108119,9
U_125812,9
U_139033,9
U_139448,9
U_166076,9
U_192226,9
U_325794,9
U_329339,9
U_330594,9
U_41631,9
U_202088,9
U_264391,9
U_146778,9
U_9542,9
U_10525,9
U_56994,9
U_96386,9
U_97912,9
U_105041,9
U_217445,9
U_298446,9
U_24852,9
U_33334,9
U_94862,9
U_17774,9
U_58158,9
U_60990,9
U_62536,9
U_69787,9
U_84898,9
U_88746,9
U_93894,9
U_149615,9
U_191385,9
U_200622,9
U_203898,9
U_209903,9
U_272451,9
U_307182,9
U_9555,9
U_55624,9
U_57021,9
U_88034,9
U_155041,9
U_227786,9
U_9752,9
U_42501,9
U_106431,9
U_18741,9
U_33310,9
U_34831,9
U_39974,9
U_42074,9
U_51363,9
U_79090,9
U_80665,9
U_85032,9
U_86171,9
U_86240,9
U_97278,9
U_101596,9
U_103453,9
U_104471,9
U_105593,9
U_148619,9
U_315604,9
U_317259,9
U_325027,9
U_325071,9
U_5485,9
U_57179,9
U_242667,9
U_277352,9
U_304724,9
U_6615,9
U_8558,9
U_34988,9
U_38356,9
U_55747,9
U_55920,9
U_63912,9
U_72428,9
U_75711,9
U_81177,9
U_84240,9
U_92936,9
U_95307,9
U_95738,9
U_96976,9
U_97123,9
U_105725,9
U_106046,9
U_132790,9
U_134407,9
U_187696,9
U_233811,9
U_317829,9
U_318708,9
U_318861,9
U_332603,9
U_12137,9
U_62852,9
U_85086,9
U_227846,9
U_301046,9
U_5049,9
U_25653,9
U_33989,9
U_46440,9
U_48255,9
U_48975,9
U_59267,9
U_81397,9
U_100096,9
U_192392,9
U_217229,9
U_226593,9
U_298456,9
U_61857,9
U_98702,9
U_116623,9
U_268121,9
U_38886,9
U_203769,9
U_226743,9
U_7716,10
U_25846,10
U_92361,10
U_99559,10
U_107379,10
U_110896,10
U_114675,10
U_144887,10
U_169274,10
U_202676,10
U_277625,10
U_293131,10
U_294514,10
U_59629,10
U_159336,10
U_224011,10
U_278506,10
U_159319,10
U_192,10
U_2393,10
U_14746,10
U_48462,10
U_94323,10
U_99996,10
U_119186,10
U_127971,10
U_262192,10
U_272294,10
U_292823,10
U_301625,10
U_317052,10
U_333887,10
U_33756,10
U_59266,10
U_102469,10
U_162686,10
U_306990,10
U_25265,10
U_33165,10
U_66866,10
U_79991,10
U_104559,10
U_109736,10
U_262783,10
U_294079,10
U_318906,10
U_37656,10
U_68183,10
U_99567,10
U_104006,10
U_177564,10
U_254960,10
U_146733,10
U_303357,10
U_5686,10
U_49748,10
U_57128,10
U_58364,10
U_69839,10
U_74578,10
U_82166,10
U_86260,10
U_190664,10
U_192172,10
U_196832,10
U_218780,10
U_229268,10
U_264338,10
U_276438,10
U_318754,10
U_318821,10
U_328437,10
U_329329,10
U_31270,10
U_45775,10
U_47184,10
U_119751,10
U_172614,10
U_298363,10
U_83513,10
U_120620,10
U_514,10
U_35676,10
U_57438,10
U_57739,10
U_59529,10
U_69280,10
U_104346,10
U_107591,10
U_133264,10
U_206758,10
U_311899,10
U_34828,10
U_229623,10
U_322182,10
U_21300,10
U_31882,10
U_34289,10
U_46279,10
U_46292,10
U_55377,10
U_65021,10
U_80825,10
U_85076,10
U_109940,10
U_218590,10
U_225977,10
U_65862,10
U_67822,10
U_177861,10
U_182030,10
U_310195,10
U_1071,10
U_1418,10
U_20375,10
U_37962,10
U_38042,10
U_82350,10
U_90912,10
U_95541,10
U_111740,10
U_175462,10
U_182701,10
U_258919,10
U_260544,10
U_290385,10
U_1359,10
U_37603,10
U_103347,10
U_11736,10
U_24025,10
U_26067,10
U_39042,10
U_59931,10
U_95330,10
U_100341,10
U_102360,10
U_111961,10
U_118032,10
U_205846,10
U_318784,10
U_326930,10
U_1193,10
U_38123,10
U_1684,11
U_22333,11
U_36109,11
U_56997,11
U_81619,11
U_83789,11
U_106721,11
U_131451,11
U_134325,11
U_208260,11
U_242967,11
U_282010,11
U_318201,11
U_324496,11
U_17737,11
U_20403,11
U_266781,11
U_317838,11
U_5892,11
U_17843,11
U_24226,11
U_35590,11
U_98430,11
U_102027,11
U_108319,11
U_159894,11
U_162402,11
U_319645,11
U_332146,11
U_1064,11
U_25390,11
U_52465,11
U_54246,11
U_59497,11
U_29191,11
U_52591,11
U_54148,11
U_64965,11
U_68998,11
U_98056,11
U_138650,11
U_178046,11
U_247497,11
U_258963,11
U_317034,11
U_81516,11
U_203796,11
U_8705,11
U_92951,11
U_94140,11
U_102428,11
U_106995,11
U_199151,11
U_275886,11
U_324156,11
U_4235,11
U_5065,11
U_112848,11
U_318829,11
U_89426,11
U_6141,11
U_8046,11
U_12562,11
U_24934,11
U_55744,11
U_65425,11
U_87717,11
U_99556,11
U_102780,11
U_126038,11
U_147590,11
U_287291,11
U_296461,11
U_309703,11
U_320579,11
U_326541,11
U_16118,11
U_91495,11
U_142575,11
U_12155,11
U_196670,11
U_5424,11
U_10830,11
U_25552,11
U_105681,11
U_180598,11
U_250750,11
U_285229,11
U_300617,11
U_331957,11
U_14756,11
U_24248,11
U_102430,11
U_125163,11
U_331399,11
U_12246,11
U_2369,11
U_10537,11
U_41196,11
U_71469,11
U_90997,11
U_97874,11
U_315575,11
U_99837,11
U_100485,11
U_3169,11
U_5897,11
U_17810,11
U_23517,11
U_31831,11
U_57240,11
U_96041,11
U_156396,11
U_181501,11
U_244380,11
U_253627,11
U_297130,11
U_54584,11
U_163190,11
U_6980,12
U_16660,12
U_35688,12
U_79794,12
U_81585,12
U_91104,12
U_94912,12
U_109753,12
U_117294,12
U_149113,12
U_221629,12
U_221966,12
U_275008,12
U_331746,12
U_333038,12
U_230724,12
U_2617,12
U_7056,12
U_54728,12
U_105492,12
U_109175,12
U_136343,12
U_137320,12
U_168084,12
U_181490,12
U_188750,12
U_231127,12
U_283921,12
U_7591,12
U_8396,12
U_25499,12
U_156819,12
U_4973,12
U_52950,12
U_102550,12
U_179863,12
U_199860,12
U_217618,12
U_262578,12
U_312222,12
U_26985,12
U_40049,12
U_281580,12
U_981,12
U_32843,12
U_49773,12
U_58233,12
U_71709,12
U_116650,12
U_176993,12
U_180477,12
U_182753,12
U_211996,12
U_219858,12
U_296677,12
U_304051,12
U_332180,12
U_333302,12
U_25363,12
U_82341,12
U_110318,12
U_8846,12
U_29140,12
U_37660,12
U_60062,12
U_67809,12
U_95608,12
U_99176,12
U_111328,12
U_128695,12
U_170443,12
U_299729,12
U_60959,12
U_90616,12
U_14255,12
U_24056,12
U_44455,12
U_89457,12
U_192760,12
U_277760,12
U_279845,12
U_321919,12
U_11090,12
U_250740,12
U_284675,12
U_313865,12
U_5930,12
U_38479,12
U_39841,12
U_46695,12
U_58165,12
U_88716,12
U_97039,12
U_102374,12
U_138027,12
U_160258,12
U_200618,12
U_210995,12
U_314997,12
U_326925,12
U_82816,12
U_90025,12
U_7808,12
U_36232,12
U_44712,12
U_80568,12
U_82271,12
U_99750,12
U_102362,12
U_161790,12
U_163606,12
U_313466,12
U_319817,12
U_160235,12
U_46426,12
U_3850,13
U_45760,13
U_47404,13
U_67454,13
U_87086,13
U_100140,13
U_149618,13
U_253835,13
U_289175,13
U_315543,13
U_974,13
U_11024,13
U_35212,13
U_51793,13
U_55819,13
U_58217,13
U_69587,13
U_73344,13
U_84863,13
U_161660,13
U_263612,13
U_317752,13
U_334015,13
U_278099,13
U_323787,13
U_30034,13
U_54138,13
U_84608,13
U_90618,13
U_98982,13
U_106852,13
U_119707,13
U_156233,13
U_161352,13
U_288935,13
U_332137,13
U_11725,13
U_13210,13
U_26084,13
U_94414,13
U_99579,13
U_101613,13
U_208282,13
U_215050,13
U_218336,13
U_229734,13
U_8401,13
U_80062,13
U_7312,13
U_7542,13
U_19575,13
U_24021,13
U_32652,13
U_119687,13
U_140669,13
U_190267,13
U_262637,13
U_315674,13
U_326635,13
U_94334,13
U_100203,13
U_37284,13
U_39992,13
U_59231,13
U_74638,13
U_18296,13
U_26459,13
U_33557,13
U_38375,13
U_69220,13
U_109918,13
U_159986,13
U_166312,13
U_180753,13
U_218599,13
U_228013,13
U_28177,13
U_198,13
U_17719,13
U_66597,13
U_81673,13
U_90818,13
U_200682,13
U_21859,13
U_88046,13
U_35001,14
U_69274,14
U_320083,14
U_328822,14
U_333789,14
U_51937,14
U_82505,14
U_9036,14
U_45418,14
U_49380,14
U_61311,14
U_90449,14
U_266802,14
U_272895,14
U_297168,14
U_37757,14
U_116855,14
U_149112,14
U_156349,14
U_209856,14
U_25532,14
U_80169,14
U_87492,14
U_104524,14
U_190774,14
U_215370,14
U_306829,14
U_6948,14
U_6214,14
U_43832,14
U_44107,14
U_218221,14
U_220652,14
U_244857,14
U_258010,14
U_154853,14
U_35117,14
U_60786,14
U_93129,14
U_93250,14
U_97190,14
U_295822,14
U_316650,14
U_190476,14
U_1547,14
U_5400,14
U_10260,14
U_65164,14
U_91780,14
U_99723,14
U_146601,14
U_162527,14
U_193971,14
U_252529,14
U_267828,14
U_299075,14
U_281497,14
U_315554,14
U_32700,14
U_8014,14
U_24450,14
U_27313,14
U_106434,14
U_115338,14
U_249670,14
U_8659,14
U_29854,14
U_36741,14
U_50084,14
U_79884,14
U_104331,14
U_108425,14
U_115434,14
U_136680,14
U_137966,14
U_237902,14
U_288618,14
U_169209,14
U_276258,14
U_3936,15
U_26416,15
U_43418,15
U_82781,15
U_276422,15
U_289440,15
U_294691,15
U_22291,15
U_1819,15
U_42839,15
U_97896,15
U_133105,15
U_317734,15
U_84409,15
U_167803,15
U_292469,15
U_17031,15
U_29441,15
U_38414,15
U_78404,15
U_90419,15
U_102605,15
U_126045,15
U_139900,15
U_302254,15
U_312893,15
U_19154,15
U_38395,15
U_47647,15
U_56510,15
U_77559,15
U_86566,15
U_199153,15
U_332551,15
U_65256,15
U_75489,15
U_89860,15
U_163925,15
U_311281,15
U_116912,15
U_3866,15
U_52769,15
U_201474,15
U_203806,15
U_266767,15
U_90195,15
U_32569,15
U_49402,15
U_106657,15
U_109732,15
U_111104,15
U_290147,15
U_317839,15
U_278656,15
U_8025,15
U_42745,15
U_60971,15
U_68042,15
U_108466,15
U_109113,15
U_332271,15
U_6799,16
U_27306,16
U_37914,16
U_64286,16
U_181509,16
U_41089,16
U_247005,16
U_61598,16
U_4847,16
U_39887,16
U_51538,16
U_97963,16
U_100306,16
U_110466,16
U_2059,16
U_138055,16
U_190462,16
U_304345,16
U_16365,16
U_92151,16
U_156456,16
U_190332,16
U_112556,16
U_24260,16
U_39306,16
U_63068,16
U_72456,16
U_283806,16
U_65134,16
U_270256,16
U_53546,16
U_80007,16
U_110124,16
U_211505,16
U_304969,16
U_320571,16
U_321610,16
U_22471,16
U_36639,16
U_38009,16
U_42760,16
U_61784,16
U_100156,16
U_113726,16
U_297099,16
U_108787,16
U_224562,16
U_189,17
U_3212,17
U_12036,17
U_29556,17
U_167534,17
U_190779,17
U_251661,17
U_11733,17
U_24086,17
U_322165,17
U_56069,17
U_11203,17
U_32433,17
U_177724,17
U_251485,17
U_134825,17
U_184154,17
U_1361,17
U_225912,17
U_240545,17
U_4381,17
U_47479,17
U_59056,17
U_61100,17
U_112241,17
U_196776,17
U_199811,17
U_293287,17
U_46675,17
U_172,17
U_24482,17
U_47457,17
U_60829,17
U_80460,17
U_286881,17
U_64021,17
U_86443,17
U_227689,17
U_257954,17
U_4367,17
U_35392,17
U_39190,17
U_60392,17
U_107140,17
U_167382,17
U_187342,17
U_188580,17
U_299212,17
U_86239,17
U_129405,17
U_3715,18
U_213983,18
U_287405,18
U_99365,18
U_106058,18
U_7460,18
U_11560,18
U_12046,18
U_64717,18
U_88691,18
U_92446,18
U_104184,18
U_112411,18
U_115264,18
U_187619,18
U_199166,18
U_275531,18
U_10669,18
U_115893,18
U_164226,18
U_164998,18
U_5034,18
U_20400,18
U_33907,18
U_71091,18
U_150599,18
U_3428,18
U_56026,18
U_108058,18
U_208297,18
U_332154,18
U_7957,18
U_43015,18
U_231943,18
U_302711,18
U_48439,18
U_50326,18
U_157504,18
U_60309,18
U_11667,18
U_33555,18
U_65194,18
U_82004,18
U_133481,18
U_170610,18
U_229511,18
U_230665,18
U_299245,18
U_4898,19
U_54615,19
U_210104,19
U_22728,19
U_81398,19
U_333150,19
U_255508,19
U_102593,19
U_254710,19
U_36764,19
U_1481,19
U_57931,19
U_67995,19
U_69689,19
U_81485,19
U_91311,19
U_9719,19
U_53152,19
U_64571,19
U_93434,19
U_100294,19
U_292443,19
U_319365,19
U_316766,19
U_4992,19
U_9967,19
U_247055,19
U_265573,19
U_283154,19
U_327039,19
U_12587,19
U_109655,19
U_139059,19
U_315616,19
U_6203,19
U_179385,19
U_187854,19
U_24284,20
U_26294,20
U_32399,20
U_33526,20
U_46484,20
U_180506,20
U_241552,20
U_69505,20
U_93052,20
U_298430,20
U_301347,20
U_4117,20
U_25406,20
U_63395,20
U_35258,20
U_91330,20
U_214349,20
U_278861,20
U_110864,20
U_53032,20
U_110835,20
U_318564,20
U_331531,20
U_114204,20
U_99731,20
U_108477,20
U_252567,20
U_252906,20
U_3717,20
U_25211,21
U_65739,21
U_66137,21
U_116901,21
U_179054,21
U_48073,21
U_79914,21
U_116188,21
U_288628,21
U_36122,21
U_92654,21
U_93698,21
U_96410,21
U_99871,21
U_203819,21
U_247701,21
U_31614,21
U_303226,21
U_69635,21
U_222551,21
U_268790,21
U_326428,21
U_333836,21
U_167854,21
U_22677,22
U_59921,22
U_64916,22
U_89060,22
U_47838,22
U_238115,22
U_20787,22
U_52498,22
U_43835,22
U_81781,22
U_105511,22
U_106497,22
U_153467,22
U_257572,22
U_292330,22
U_311339,22
U_250748,22
U_285475,22
U_13243,22
U_17711,22
U_24089,22
U_159296,22
U_330599,22
U_8818,22
U_50492,22
U_248370,22
U_11737,23
U_25091,23
U_82838,23
U_84288,23
U_196668,23
U_11863,23
U_42439,23
U_76384,23
U_112506,23
U_299489,23
U_3217,23
U_11748,23
U_266759,23
U_36240,23
U_80598,23
U_90066,23
U_92358,23
U_138004,23
U_195047,23
U_327149,23
U_4728,23
U_108849,23
U_306419,23
U_314795,23
U_5383,23
U_160932,24
U_67836,24
U_93495,24
U_132163,24
U_275539,24
U_279619,24
U_10309,24
U_227061,24
U_2452,24
U_60021,24
U_104765,24
U_74052,24
U_222306,24
U_262193,24
U_87649,25
U_148360,25
U_305089,25
U_4243,25
U_21028,25
U_81608,25
U_93268,25
U_40256,25
U_84320,25
U_231246,25
U_817,25
U_93025,25
U_89276,25
U_200628,25
U_82240,25
U_65741,25
U_105,25
U_25323,25
U_44362,25
U_84196,25
U_100298,25
U_107183,25
U_24296,25
U_47262,25
U_154728,25
U_2980,26
U_41567,26
U_311296,26
U_321644,26
U_167242,26
U_177021,26
U_248233,26
U_99145,26
U_84161,26
U_90003,26
U_17857,26
U_100378,26
U_5213,27
U_81025,27
U_24290,27
U_63391,27
U_76230,27
U_139691,27
U_33917,27
U_148890,27
U_250475,28
U_334006,28
U_10368,28
U_17714,28
U_104087,28
U_161419,28
U_10682,28
U_92805,28
U_206102,28
U_84922,28
U_104510,28
U_34063,28
U_100281,28
U_112253,28
U_289944,28
U_78643,28
U_27568,29
U_94163,29
U_140538,29
U_68615,29
U_99725,29
U_294632,29
U_18622,29
U_20282,29
U_258321,29
U_133575,30
U_33002,30
U_61996,30
U_102639,30
U_277552,30
U_110499,30
U_251704,30
U_202672,30
U_289428,30
U_9006,30
U_84528,30
U_796,31
U_333131,31
U_99724,31
U_107862,31
U_109917,31
U_670,31
U_106992,31
U_221626,31
U_6120,32
U_8019,32
U_17679,32
U_119472,32
U_268523,32
U_306628,32
U_41448,32
U_114789,32
U_117948,32
U_123133,32
U_190372,32
U_6806,32
U_67881,32
U_94409,32
U_15010,33
U_112072,33
U_332134,33
U_2730,33
U_111568,33
U_204707,33
U_45688,33
U_103139,33
U_21645,33
U_23121,33
U_35233,33
U_69502,33
U_95475,33
U_206060,33
U_296819,33
U_102062,33
U_100090,33
U_82352,33
U_98445,34
U_114629,34
U_111372,34
U_328056,34
U_98655,34
U_114203,34
U_40782,34
U_86955,34
U_35694,34
U_80563,34
U_327040,34
U_43749,35
U_36687,35
U_28813,35
U_46330,35
U_95343,35
U_3652,35
U_1165,36
U_65211,36
U_18964,36
U_26184,36
U_38258,36
U_59643,36
U_99722,36
U_29091,37
U_30626,37
U_8220,37
U_271741,37
U_5973,37
U_52537,37
U_98574,37
U_211524,37
U_239390,37
U_60101,38
U_66404,38
U_31287,38
U_280571,38
U_24,38
U_54736,39
U_190325,39
U_64039,39
U_21879,39
U_99746,39
U_12669,40
U_36667,40
U_123562,40
U_189690,40
U_60820,40
U_212723,40
U_38627,40
U_77258,40
U_173677,40
U_84955,40
U_317719,40
U_6286,40
U_81203,41
U_52326,41
U_54278,41
U_92335,41
U_257539,42
U_110517,42
U_86092,42
U_157549,42
U_177382,42
U_328258,42
U_1826,42
U_42461,43
U_118044,43
U_269083,43
U_1626,43
U_42560,44
U_250764,44
U_78100,44
U_52096,44
U_204722,44
U_3446,44
U_80891,44
U_20287,45
U_25388,45
U_91108,45
U_11732,45
U_27614,46
U_60097,46
U_3509,46
U_208494,46
U_226491,47
U_292627,47
U_312705,47
U_233964,47
U_112,48
U_31692,48
U_149457,48
U_156003,48
U_206642,48
U_154849,49
U_1758,49
U_108534,49
U_99756,49
U_141279,49
U_149379,49
U_280840,50
U_165938,50
U_31902,51
U_82619,51
U_34531,51
U_41212,51
U_59358,51
U_243284,51
U_295417,52
U_2325,52
U_100880,52
U_164418,52
U_29297,52
U_56532,53
U_96473,53
U_99648,53
U_280712,53
U_35413,53
U_93871,53
U_239368,54
U_3403,54
U_81465,54
U_108432,55
U_149342,55
U_89458,55
U_113444,55
U_86591,56
U_100195,56
U_311316,56
U_281433,57
U_225518,57
U_33405,57
U_4908,58
U_66416,58
U_325074,58
U_225061,58
U_324701,59
U_227137,60
U_24441,60
U_60988,60
U_94227,60
U_99581,61
U_191,61
U_25298,61
U_14765,62
U_50579,62
U_222464,62
U_111190,63
U_11904,63
U_56042,64
U_104748,64
U_7277,65
U_207250,65
U_63239,65
U_82868,65
U_247654,65
U_159844,65
U_327747,66
U_82258,66
U_52913,66
U_177387,66
U_92380,68
U_326271,70
U_36060,70
U_306309,70
U_133380,71
U_66390,71
U_3112,72
U_191640,72
U_24067,73
U_27285,74
U_24351,74
U_327789,74
U_65444,74
U_190763,76
U_20395,76
U_15737,77
U_7650,77
U_290822,78
U_179791,79
U_1052,79
U_42669,81
U_48784,83
U_45168,84
U_24275,86
U_230541,88
U_33610,89
U_44205,89
U_28218,92
U_47392,93
U_35281,94
U_38112,94
U_79998,96
U_102618,102
U_47257,108
U_14489,112
U_94015,119
U_60111,120
U_41217,123
U_321856,125
U_33996,130
U_22632,135
U_155790,135
U_37666,153
U_191413,162
U_55721,163
U_24277,168
U_207177,177
U_81767,190
U_21726,201
U_13771,219
U_20315,220
U_136551,247
U_229670,276
U_11983,294
U_115962,299
U_206390,542
U_11731,1032
